state_name,st_fips,cd_fips,cd_id,year,dem_vote,repub_vote,total_vote,pct_dem,pct_gop,uncontest,missing
Alabama,1,1,G0101,1990,78742,128874,214204,36.76028459,60.16414259,0,0
Alabama,1,2,G0102,1990,109335,112906,228160,47.92031907,49.48544881,0,0
Alabama,1,3,G0103,1990,119175,78800,197604,60.31001397,39.87773527,0,0
Alabama,1,4,G0104,1990,157907,66934,230523,68.49945559,29.03571444,0,0
Alabama,1,5,G0105,1990,160060,77951,244133,65.56262365,31.92972683,0,0
Alabama,1,6,G0106,1990,126062,146599,280139,44.99980367,52.33080721,0,0
Alabama,1,7,G0107,1990,144320,36086,207773,69.46042075,17.36799295,0,0
Alaska,2,0,G0200,1990,102378,111849,239116,42.81520266,46.77604175,0,0
Arizona,4,1,G0401,1990,130715,113613,254789,51.30323523,44.59101453,0,0
Arizona,4,2,G0402,1990,90693,41257,137378,66.01712065,30.03173725,0,0
Arizona,4,3,G0403,1990,88830,158906,258503,34.36323756,61.47162702,0,0
Arizona,4,4,G0404,1990,70572,156330,264066,26.7251369,59.20110881,0,0
Arizona,4,5,G0405,1990,77256,172867,259813,29.73523265,66.53516183,0,0
Arizona,4,6,G0406,1990,124251,97074,234372,53.01443858,41.41877016,0,0
Arkansas,5,1,G0501,1990,149558,64618,214176,69.82948603,30.17051397,0,0
Arkansas,5,2,G0502,1990,154946,53978,208924,74.16381076,25.83618924,0,0
Arkansas,5,3,G0503,1990,117775,125295,249494,47.20554402,50.21964456,0,0
Arkansas,5,4,G0504,1990,102918,113009,215927,47.66333066,52.33666934,0,0
California,6,1,G0601,1990,119676,113266,251206,47.64058183,45.08889119,0,0
California,6,2,G0602,1990,71780,167247,256556,27.97829714,65.18927642,0,0
California,6,3,G0603,1990,122149,96092,238685,51.1758175,40.25891866,0,0
California,6,4,G0604,1990,129489,141155,283365,45.6968927,49.81384434,0,0
California,6,5,G0605,1990,158250,58698,230560,68.63723109,25.45888272,0,0
California,6,6,G0606,1990,190322,98171,291786,65.22657016,33.64486302,0,0
California,6,7,G0607,1990,153320,54822,217982,70.3360828,25.14978301,0,0
California,6,8,G0608,1990,191906,25693,232691,82.47246348,11.04168189,0,0
California,6,9,G0609,1990,164265,53707,228467,71.89878626,23.50755251,0,0
California,6,10,G0610,1990,134635,145702,280429,48.01036983,51.9568233,0,0
California,6,11,G0611,1990,90539,94453,198490,45.61388483,47.58577258,0,0
California,6,12,G0612,1990,157205,53278,228407,68.82669971,23.32590507,0,0
California,6,13,G0613,1990,123795,64953,205516,60.23618599,31.60483855,0,0
California,6,14,G0614,1990,146873,101202,259222,56.65915702,39.04066784,0,0
California,6,15,G0615,1990,168617,82875,265370,63.5403399,31.22998078,0,0
California,6,16,G0616,1990,96661,49843,155883,62.008686,31.97462199,0,0
California,6,17,G0617,1990,151565,49947,210367,72.04789725,23.74279236,0,0
California,6,18,G0618,1990,139704,0,165011,84.66344668,0,1,0
California,6,19,G0619,1990,101619,100590,216640,46.90685007,46.43186854,0,0
California,6,20,G0620,1990,72679,39388,112067,64.85316819,35.14683181,0,0
California,6,21,G0621,1990,68058,127758,195965,34.72967111,65.1942949,0,0
California,6,22,G0622,1990,87328,131242,249926,34.9415427,52.51234365,0,0
California,6,23,G0623,1990,88225,115504,212881,41.44334159,54.25754295,0,0
California,6,24,G0624,1990,141742,99835,255267,55.52695805,39.11002989,0,0
California,6,25,G0625,1990,72233,113611,218715,33.02608417,51.94476831,0,0
California,6,26,G0626,1990,73807,36453,120908,61.04393423,30.14936977,0,0
California,6,27,G0627,1990,83805,105521,212450,39.44692869,49.66862791,0,0
California,6,28,G0628,1990,76525,122353,209382,36.54803183,58.43530007,0,0
California,6,29,G0629,1990,160312,67141,261486,61.30806238,25.67670927,0,0
California,6,30,G0630,1990,48800,20034,83543,58.41303281,23.98046515,0,0
California,6,31,G0631,1990,68324,40873,109197,62.56948451,37.43051549,0,0
California,6,32,G0632,1990,150644,0,172812,87.17218712,0,1,0
California,6,33,G0633,1990,32010,15428,50779,63.03786999,30.38263849,0,0
California,6,34,G0634,1990,91738,50907,149718,61.27386153,34.00192362,0,0
California,6,35,G0635,1990,102941,17417,124776,82.50064115,13.95861384,0,0
California,6,36,G0636,1990,125751,109684,259757,48.41101491,42.22561856,0,0
California,6,37,G0637,1990,97159,0,113337,85.72575593,0,1,0
California,6,38,G0638,1990,82108,92038,189321,43.36972655,48.61478653,0,0
California,6,39,G0639,1990,81728,122472,213684,38.24713128,57.31453923,0,0
California,6,40,G0640,1990,63881,129563,205283,31.1185047,63.11433485,0,0
California,6,41,G0641,1990,58777,101753,170666,34.43978297,59.62113133,0,0
California,6,42,G0642,1990,79780,69251,157455,50.66844495,43.98145502,0,0
California,6,43,G0643,1990,88468,88987,190639,46.40603444,46.67827674,0,0
California,6,44,G0644,1990,81693,110333,203541,40.135894,54.20676915,0,0
California,6,45,G0645,1990,88508,123731,227016,38.98756035,54.50320682,0,0
California,6,46,G0646,1990,45435,55659,110806,41.00409725,50.23103442,0,0
California,6,47,G0647,1990,76924,165004,254257,30.25442761,64.89654169,0,0
California,6,48,G0648,1990,67415,140935,230495,29.24792295,61.14449337,0,0
California,6,49,G0649,1990,127280,106170,248898,51.13741372,42.65602777,0,0
California,6,50,G0650,1990,77293,39531,136626,56.57268748,28.9337315,0,0
California,6,51,G0651,1990,85148,141890,252995,33.65600111,56.08411233,0,0
California,6,52,G0652,1990,88076,112995,213784,41.19859297,52.85475059,0,0
Colorado,8,1,G0801,1990,156629,70902,227531,68.83853189,31.16146811,0,0
Colorado,8,2,G0802,1990,164790,88470,271361,60.72722315,32.60232679,0,0
Colorado,8,3,G0803,1990,114480,143293,261964,43.70066116,54.69950069,0,0
Colorado,8,4,G0804,1990,101957,139884,241841,42.15869104,57.84130896,0,0
Colorado,8,5,G0805,1990,62550,173096,243415,25.69685517,71.11147629,0,0
Colorado,8,6,G0806,1990,91073,142021,233097,39.07085891,60.92785407,0,0
Connecticut,9,1,G0901,1990,112838,75113,245430,45.9756346,30.60465306,0,0
Connecticut,9,2,G0902,1990,83197,119416,242707,34.27878059,49.20171235,0,0
Connecticut,9,3,G0903,1990,112022,84952,247531,45.25574574,34.31974177,0,0
Connecticut,9,4,G0904,1990,58666,147816,219615,26.71311158,67.30687795,0,0
Connecticut,9,5,G0905,1990,74791,104891,240283,31.12621367,43.65310904,0,0
Connecticut,9,6,G0906,1990,60373,166967,239597,25.19772785,69.68659875,0,0
Delaware,10,0,G1000,1990,117426,153037,276124,42.52654604,55.42328809,0,0
District of Columbia,11,98,G1198,1990,166808,20108,196754,84.77997906,10.21986847,0,0
Florida,12,1,G1201,1990,118941,100349,228632,52.02290143,43.89105637,0,0
Florida,12,2,G1202,1990,167215,60425,227726,73.42815489,26.53408043,0,0
Florida,12,3,G1203,1990,91915,63114,155029,59.28890724,40.71109276,0,0
Florida,12,4,G1204,1990,103531,135883,239471,43.23320987,56.74298767,0,0
Florida,12,5,G1205,1990,129698,114356,263549,49.21210098,43.3907926,0,0
Florida,12,6,G1206,1990,76419,144195,220614,34.63923414,65.36076586,0,0
Florida,12,7,G1207,1990,96945,125823,223023,43.46861086,56.41705116,0,0
Florida,12,8,G1208,1990,65145,141977,207122,31.45247728,68.54752272,0,0
Florida,12,9,G1209,1990,110135,158028,268163,41.07017001,58.92982999,0,0
Florida,12,10,G1210,1990,114809,149606,264415,43.42000265,56.57999735,0,0
Florida,12,11,G1211,1990,100984,77640,191354,52.77339381,40.57401465,0,0
Florida,12,12,G1212,1990,92346,100484,192830,47.88985116,52.11014884,0,0
Florida,12,13,G1213,1990,115767,158881,274648,42.15104425,57.84895575,0,0
Florida,12,14,G1214,1990,0,220351,268511,0,82.06404952,1,0
Florida,12,15,G1215,1990,132412,128873,261285,50.67722984,49.32277016,0,0
Florida,12,16,G1216,1990,101237,157322,258559,39.15431294,60.84568706,0,0
Florida,12,17,G1217,1990,102784,0,102799,99.98540842,0,1,0
Florida,12,18,G1218,1990,52142,104755,156897,33.23326769,66.76673231,0,0
Florida,12,19,G1219,1990,177423,103867,281294,63.07386578,36.92471222,0,0
Florida,12,20,G1220,1990,130959,91589,237889,55.05046471,38.50072933,0,0
Florida,12,21,G1221,1990,0,-99,-99,0,100,1,1
Florida,12,22,G1222,1990,91625,128400,247088,37.08193032,51.96529172,0,0
Florida,12,23,G1223,1990,84249,44807,143935,58.532671,31.13002397,0,0
Georgia,13,1,G1301,1990,75808,103932,179740,42.17647713,57.82352287,0,0
Georgia,13,2,G1302,1990,95789,54593,150382,63.69711801,36.30288199,0,0
Georgia,13,3,G1303,1990,94271,114107,208378,45.24038046,54.75961954,0,0
Georgia,13,4,G1304,1990,123819,126495,250314,49.46547137,50.53452863,0,0
Georgia,13,5,G1305,1990,147445,56960,204470,72.1108231,27.85738739,0,0
Georgia,13,6,G1306,1990,116196,158761,274957,42.25969879,57.74030121,0,0
Georgia,13,7,G1307,1990,111374,82915,194289,57.32388349,42.67611651,0,0
Georgia,13,8,G1308,1990,108472,86220,194692,55.71466727,44.28533273,0,0
Georgia,13,9,G1309,1990,113024,77919,190943,59.1925339,40.8074661,0,0
Georgia,13,10,G1310,1990,108426,93059,201485,53.81343524,46.18656476,0,0
Georgia,13,11,G1311,1990,120168,44221,164400,73.09489051,26.89841849,0,0
Hawaii,15,1,G1501,1990,129332,41575,177476,72.87295184,23.42570263,0,0
Hawaii,15,2,G1502,1990,131454,40070,180955,72.64458014,22.14362687,0,0
Idaho,16,1,G1601,1990,140985,90983,242790,58.06870135,37.47394868,0,0
Idaho,16,2,G1602,1990,81450,139783,229957,35.41966542,60.78658184,0,0
Illinois,17,1,G1701,1990,209258,43453,252711,82.80525976,17.19474024,0,0
Illinois,17,2,G1702,1990,182614,31957,233864,78.085554,13.66477953,0,0
Illinois,17,3,G1703,1990,162165,93128,255293,63.52113062,36.47886938,0,0
Illinois,17,4,G1704,1990,90452,26154,116606,77.57062244,22.42937756,0,0
Illinois,17,5,G1705,1990,132889,90738,232083,57.25925639,39.09721953,0,0
Illinois,17,6,G1706,1990,86891,165009,251904,34.49369601,65.50471608,0,0
Illinois,17,7,G1707,1990,182811,35346,225281,81.14798851,15.68973859,0,0
Illinois,17,8,G1708,1990,96419,132887,238633,40.4047219,55.68676587,0,0
Illinois,17,9,G1709,1990,162942,64760,239703,67.97662107,27.01676658,0,0
Illinois,17,10,G1710,1990,85400,155230,240630,35.49017163,64.50982837,0,0
Illinois,17,11,G1711,1990,135387,107860,243247,55.65824039,44.34175961,0,0
Illinois,17,12,G1712,1990,168762,68115,236877,71.24456997,28.75543003,0,0
Illinois,17,13,G1713,1990,82985,179257,262255,31.64286668,68.35217632,0,0
Illinois,17,14,G1714,1990,75294,155271,230624,32.64794644,67.32647079,0,0
Illinois,17,15,G1715,1990,97190,142167,239586,40.56580935,59.3386091,0,0
Illinois,17,16,G1716,1990,113555,142388,255943,44.36730053,55.63269947,0,0
Illinois,17,17,G1717,1990,156233,103719,259952,60.1007109,39.8992891,0,0
Illinois,17,18,G1718,1990,114413,156533,270976,42.22255846,57.76637045,0,0
Illinois,17,19,G1719,1990,187156,83526,270685,69.14162218,30.85726952,0,0
Illinois,17,20,G1720,1990,154869,119219,274088,56.50338577,43.49661423,0,0
Indiana,18,1,G1801,1990,147054,64770,211824,69.4227283,30.5772717,0,0
Indiana,18,2,G1802,1990,130881,90593,229295,57.07974443,39.50936566,0,0
Indiana,18,3,G1803,1990,121269,89834,211103,57.44541764,42.55458236,0,0
Indiana,18,4,G1804,1990,134907,82468,217375,62.06187464,37.93812536,0,0
Indiana,18,5,G1805,1990,107973,112492,220465,48.97512077,51.02487923,0,0
Indiana,18,6,G1806,1990,71952,186499,258455,27.8392757,72.15917665,0,0
Indiana,18,7,G1807,1990,88005,129189,217194,40.51907511,59.48092489,0,0
Indiana,18,8,G1808,1990,125244,108054,238397,52.53589601,45.3252348,0,0
Indiana,18,9,G1809,1990,160980,70057,231037,69.67715128,30.32284872,0,0
Indiana,18,10,G1810,1990,117604,64378,183831,63.9739761,35.02020878,0,0
Iowa,19,1,G1901,1990,81600,178042,261309,31.22739745,68.1346605,0,0
Iowa,19,2,G1902,1990,131570,134536,267892,49.11307542,50.22023801,0,0
Iowa,19,3,G1903,1990,121063,125931,257276,47.05569116,48.94782257,0,0
Iowa,19,4,G1904,1990,158610,94045,257593,61.57387817,36.50914427,0,0
Iowa,19,5,G1905,1990,0,196942,198366,0,99.28213504,1,0
Kansas,20,1,G2001,1990,83620,194912,285297,29.30980697,68.31897987,0,0
Kansas,20,2,G2002,1990,151019,109801,268806,56.18140964,40.84767453,0,0
Kansas,20,3,G2003,1990,110071,169929,292791,37.59371019,58.0376446,0,0
Kansas,20,4,G2004,1990,143671,117070,278016,51.6772416,42.10908725,0,0
Kentucky,21,1,G2101,1990,128524,83088,212574,60.46082776,39.08662395,0,0
Kentucky,21,2,G2102,1990,126894,79684,206578,61.42667661,38.57332339,0,0
Kentucky,21,3,G2103,1990,148066,132689,280770,52.73569114,47.25896641,0,0
Kentucky,21,4,G2104,1990,86890,139634,226524,38.35796648,61.64203352,0,0
Kentucky,21,5,G2105,1990,95760,115255,211015,45.38066014,54.61933986,0,0
Kentucky,21,6,G2106,1990,135613,87816,223450,60.6905348,39.30006713,0,0
Louisiana,22,1,G2201,1990,0,-99,-99,0,100,1,1
Louisiana,22,2,G2202,1990,-99,0,-99,100,0,1,1
Louisiana,22,3,G2203,1990,-99,0,-99,100,0,1,1
Louisiana,22,4,G2204,1990,194831,0,194831,100,0,1,0
Louisiana,22,5,G2205,1990,90079,153501,243580,36.98127925,63.01872075,0,0
Louisiana,22,6,G2206,1990,0,245178,245178,0,100,1,0
Louisiana,22,7,G2207,1990,-99,0,-99,100,0,1,1
Maine,23,1,G2301,1990,232696,125236,358148,64.97202274,34.967667,0,0
Maine,23,2,G2302,1990,130824,153022,311433,42.00710907,49.13480588,0,0
Maryland,24,1,G2401,1990,112771,120084,232855,48.42970948,51.57029052,0,0
Maryland,24,2,G2402,1990,88658,165443,254101,34.89085049,65.10914951,0,0
Maryland,24,3,G2403,1990,163354,58869,222223,73.50904272,26.49095728,0,0
Maryland,24,4,G2404,1990,136902,45166,182068,75.19278511,24.80721489,0,0
Maryland,24,5,G2405,1990,118312,97982,223284,52.98722703,43.8822307,0,0
Maryland,24,6,G2406,1990,106224,125564,231788,45.82808428,54.17191572,0,0
Maryland,24,7,G2407,1990,152689,26304,178993,85.30445325,14.69554675,0,0
Maryland,24,8,G2408,1990,77042,203377,280419,27.47388729,72.52611271,0,0
Massachusetts,25,1,G2501,1990,135049,113828,262120,51.52182207,43.4259118,0,0
Massachusetts,25,2,G2502,1990,131215,76795,247163,53.0884477,31.07058904,0,0
Massachusetts,25,3,G2503,1990,115587,131473,260932,44.29774807,50.3859243,0,0
Massachusetts,25,4,G2504,1990,182633,70665,269812,67.68898344,26.19045854,0,0
Massachusetts,25,5,G2505,1990,133844,96206,256564,52.16788014,37.49785629,0,0
Massachusetts,25,6,G2506,1990,130248,159165,290312,44.86483507,54.82549808,0,0
Massachusetts,25,7,G2507,1990,174837,78262,281558,62.09626436,27.79604913,0,0
Massachusetts,25,8,G2508,1990,149903,0,180484,83.05611578,0,1,0
Massachusetts,25,9,G2509,1990,175550,54291,253634,69.21390665,21.40525324,0,0
Massachusetts,25,10,G2510,1990,189342,75887,311650,60.75469276,24.3500722,0,0
Michigan,26,1,G2601,1990,144857,117056,268619,53.92656514,43.57696217,0,0
Michigan,26,2,G2602,1990,86265,155577,246761,34.95892787,63.04764529,0,0
Michigan,26,3,G2603,1990,95927,162451,264948,36.20597249,61.31429564,0,0
Michigan,26,4,G2604,1990,87573,157337,251539,34.8148796,62.54974378,0,0
Michigan,26,5,G2605,1990,147618,93098,244992,60.25421238,38.0004245,0,0
Michigan,26,6,G2606,1990,89020,144083,233112,38.18765229,61.80848691,0,0
Michigan,26,7,G2607,1990,0,133972,152868,0,87.63900882,1,0
Michigan,26,8,G2608,1990,135517,131906,284707,47.59875943,46.33043796,0,0
Michigan,26,9,G2609,1990,133956,111798,249530,53.68332465,44.80343045,0,0
Michigan,26,10,G2610,1990,138193,114918,260213,53.10764643,44.16305104,0,0
Michigan,26,11,G2611,1990,117725,168940,293098,40.16574661,57.63942436,0,0
Michigan,26,12,G2612,1990,137514,119357,261349,52.61699873,45.66958358,0,0
Michigan,26,13,G2613,1990,127642,105169,245888,51.91062598,42.77109904,0,0
Michigan,26,14,G2614,1990,165496,32036,200879,82.38591391,15.94790894,0,0
Michigan,26,15,G2615,1990,148908,31849,184694,80.62416754,17.24419851,0,0
Michigan,26,16,G2616,1990,156964,75694,240936,65.14759106,31.41664176,0,0
Minnesota,27,1,G2701,1990,206369,72367,279430,73.85355903,25.89807823,0,0
Minnesota,27,2,G2702,1990,132156,131587,276403,47.81279509,47.60693625,0,0
Minnesota,27,3,G2703,1990,104606,200240,314731,33.236637,63.62258564,0,0
Minnesota,27,4,G2704,1990,159796,101744,277956,57.48967462,36.60435465,0,0
Minnesota,27,5,G2705,1990,174139,77093,277094,62.84473861,27.82196655,0,0
Minnesota,27,6,G2706,1990,100016,133564,301023,33.22536816,44.37003153,0,0
Minnesota,27,7,G2707,1990,133886,130396,265524,50.4233139,49.10893177,0,0
Minnesota,27,8,G2708,1990,167104,83823,283031,59.04088245,29.61619045,0,0
Mississippi,28,1,G2801,1990,121664,82952,204616,59.4596708,40.5403292,0,0
Mississippi,28,2,G2802,1990,133361,41248,174609,76.37693361,23.62306639,0,0
Mississippi,28,3,G2803,1990,162864,37710,200574,81.19895899,18.80104101,0,0
Mississippi,28,4,G2804,1990,130927,43705,194544,67.29942841,22.46535488,0,0
Mississippi,28,5,G2805,1990,120766,67619,191058,63.20907787,35.39187053,0,0
Missouri,29,1,G2901,1990,158693,74482,233175,68.05746757,31.94253243,0,0
Missouri,29,2,G2902,1990,148729,157594,312442,47.60211495,50.43944156,0,0
Missouri,29,3,G2903,1990,174000,90006,271834,64.00965295,33.11064841,0,0
Missouri,29,4,G2904,1990,176977,74475,251452,70.38202122,29.61797878,0,0
Missouri,29,5,G2905,1990,151014,93562,255312,59.14880617,36.64614276,0,0
Missouri,29,6,G2906,1990,148887,119637,268524,55.44644054,44.55355946,0,0
Missouri,29,7,G2907,1990,99762,160303,260065,38.3604099,61.6395901,0,0
Missouri,29,8,G2908,1990,86730,147398,234418,36.9980121,62.87827727,0,0
Missouri,29,9,G2909,1990,124694,118811,261335,47.71423652,45.46310291,0,0
Montana,30,0,G3000,1990,203711,189570,403735,50.45661139,46.9540664,0,0
Nebraska,31,1,G3101,1990,96309,142713,239108,40.27845158,59.68558141,0,0
Nebraska,31,2,G3102,1990,119512,113828,233372,51.21094219,48.7753458,0,0
Nebraska,31,3,G3103,1990,67457,170857,238355,28.30106354,71.68173523,0,0
Nevada,32,1,G3201,1990,128278,84217,221488,57.91645597,38.02327891,0,0
Nevada,32,2,G3202,1990,117199,129575,270461,43.33304987,47.90894066,0,0
New Hampshire,33,1,G3301,1990,108578,135936,255681,42.46619811,53.16625013,0,0
New Hampshire,33,2,G3302,1990,157328,91126,255088,61.67597065,35.72335821,0,0
New Jersey,34,1,G3401,1990,153525,65123,228072,67.31426918,28.55370234,0,0
New Jersey,34,2,G3402,1990,132465,98315,237027,55.8860383,41.47839698,0,0
New Jersey,34,3,G3403,1990,94012,151368,255798,36.75243747,59.17481763,0,0
New Jersey,34,4,G3404,1990,84514,149095,241225,35.03534045,61.80744119,0,0
New Jersey,34,5,G3405,1990,67579,196198,274371,24.63051853,71.50828623,0,0
New Jersey,34,6,G3406,1990,118266,100949,226093,52.30856329,44.64932572,0,0
New Jersey,34,7,G3407,1990,105761,132174,248082,42.63146863,53.27835151,0,0
New Jersey,34,8,G3408,1990,96742,84674,205828,47.00137979,41.13823192,0,0
New Jersey,34,9,G3409,1990,139188,88179,238704,58.30987332,36.94072994,0,0
New Jersey,34,10,G3410,1990,117287,30160,149632,78.38363452,20.15611634,0,0
New Jersey,34,11,G3411,1990,68871,188165,268436,25.65639482,70.09678285,0,0
New Jersey,34,12,G3412,1990,83035,174216,272757,30.4428484,63.87223793,0,0
New Jersey,34,13,G3413,1990,93670,44529,145714,64.28345938,30.55917757,0,0
New Mexico,35,1,G3501,1990,76600,128426,205214,37.32688803,62.58150029,0,0
New Mexico,35,2,G3502,1990,73157,94838,168170,43.50181364,56.39412499,0,0
New Mexico,35,3,G3503,1990,122850,54569,182217,67.41961507,29.94726068,0,0
New York,36,1,G3601,1990,111908,87248,257043,43.53668452,33.94295896,0,0
New York,36,2,G3602,1990,91320,94208,232997,39.19363769,40.43313862,0,0
New York,36,3,G3603,1990,116915,108574,293639,39.81589639,36.97533366,0,0
New York,36,4,G3604,1990,97007,98723,261812,37.05215956,37.70759171,0,0
New York,36,5,G3605,1990,105953,82883,256555,41.29835708,32.30613319,0,0
New York,36,6,G3606,1990,96972,18725,160228,60.52125721,11.68647178,0,0
New York,36,7,G3607,1990,72280,46218,171124,42.23837685,27.00848508,0,0
New York,36,8,G3608,1990,132172,25548,227585,58.07588374,11.22569589,0,0
New York,36,9,G3609,1990,111424,0,213204,52.26168365,0,1,0
New York,36,10,G3610,1990,93801,0,160115,58.5835181,0,1,0
New York,36,11,G3611,1990,76724,0,128115,59.88682043,0,1,0
New York,36,12,G3612,1990,55926,12288,104485,53.52538642,11.76053979,0,0
New York,36,13,G3613,1990,68738,92144,217142,31.65578285,42.43490435,0,0
New York,36,14,G3614,1990,97059,92034,238720,40.65809316,38.55311662,0,0
New York,36,15,G3615,1990,101229,0,154358,65.58066313,0,1,0
New York,36,16,G3616,1990,80927,6741,132082,61.2702715,5.103647734,0,0
New York,36,17,G3617,1990,94758,16511,166357,56.96063286,9.925040726,0,0
New York,36,18,G3618,1990,115841,74076,243057,47.66001391,30.47680174,0,0
New York,36,19,G3619,1990,92854,119047,267291,34.73891751,44.53834959,0,0
New York,36,20,G3620,1990,66826,150301,265011,25.21631178,56.71500428,0,0
New York,36,21,G3621,1990,149319,83845,297006,50.27474192,28.23006943,0,0
New York,36,22,G3622,1990,86896,136909,284496,30.54383893,48.12334796,0,0
New York,36,23,G3623,1990,61835,139774,252880,24.4523094,55.27285669,0,0
New York,36,24,G3624,1990,47675,113408,231046,20.63441912,49.08459787,0,0
New York,36,25,G3625,1990,101422,119282,266033,38.12384178,44.83729462,0,0
New York,36,26,G3626,1990,112763,98389,266740,42.27449951,36.88573142,0,0
New York,36,27,G3627,1990,89906,126997,277339,32.41736647,45.79125186,0,0
New York,36,28,G3628,1990,140908,93806,275326,51.17860282,34.07088324,0,0
New York,36,29,G3629,1990,120758,85294,264526,45.65071108,32.24408943,0,0
New York,36,30,G3630,1990,102519,114921,265097,38.67225959,43.35054716,0,0
New York,36,31,G3631,1990,52010,133758,247194,21.0401547,54.11053666,0,0
North Carolina,37,1,G3701,1990,116078,54457,173262,66.99564821,31.43043483,0,0
North Carolina,37,2,G3702,1990,113693,93893,211569,53.738024,44.37937505,0,0
North Carolina,37,3,G3703,1990,101739,80759,187050,54.39133921,43.17508688,0,0
North Carolina,37,4,G3704,1990,171299,89345,265060,64.62649966,33.70746246,0,0
North Carolina,37,5,G3705,1990,117835,102086,223683,52.67946156,45.63869404,0,0
North Carolina,37,6,G3706,1990,67200,162822,230022,29.21459686,70.78540314,0,0
North Carolina,37,7,G3707,1990,92414,66536,163101,56.66059681,40.79435442,0,0
North Carolina,37,8,G3708,1990,113162,71842,195451,57.89788745,36.75703885,0,0
North Carolina,37,9,G3709,1990,74583,153650,228245,32.67672895,67.31801354,0,0
North Carolina,37,10,G3710,1990,79206,149033,235127,33.68647582,63.38404352,0,0
North Carolina,37,11,G3711,1990,108003,130158,238161,45.34873468,54.65126532,0,0
North Carolina,37,12,G3712,1990,127262,49402,180824,70.378932,27.32048843,0,0
North Dakota,38,0,G3800,1990,169273,117442,297898,56.82246944,39.42356108,0,0
Ohio,39,1,G3901,1990,120190,0,234433,51.26837945,0,1,0
Ohio,39,2,G3902,1990,75924,177720,253651,29.93246626,70.06477404,0,0
Ohio,39,3,G3903,1990,146072,98733,244811,59.66725351,40.33029562,0,0
Ohio,39,4,G3904,1990,92608,147346,240440,38.5160539,61.28181667,0,0
Ohio,39,5,G3905,1990,0,187860,187860,0,100,1,0
Ohio,39,6,G3906,1990,122720,119252,241972,50.71661184,49.28338816,0,0
Ohio,39,7,G3907,1990,66237,164195,230432,28.7447056,71.2552944,0,0
Ohio,39,8,G3908,1990,62033,176362,238395,26.02109944,73.97890056,0,0
Ohio,39,9,G3909,1990,178879,53011,243102,73.58187098,21.80607317,0,0
Ohio,39,10,G3910,1990,103788,136433,240239,43.20197803,56.79052943,0,0
Ohio,39,11,G3911,1990,154718,43866,223624,69.18667048,19.61596251,0,0
Ohio,39,12,G3912,1990,68761,170297,239058,28.76331267,71.23668733,0,0
Ohio,39,13,G3913,1990,134486,88889,252258,53.31287809,35.23733638,0,0
Ohio,39,14,G3914,1990,165335,78659,243994,67.76191218,32.23808782,0,0
Ohio,39,15,G3915,1990,94907,110390,250205,37.93169601,44.11982175,0,0
Ohio,39,16,G3916,1990,90224,158489,248713,36.27635065,63.72364935,0,0
Ohio,39,17,G3917,1990,216503,40743,257246,84.16185286,15.83814714,0,0
Ohio,39,18,G3918,1990,166189,77229,243418,68.27309402,31.72690598,0,0
Ohio,39,19,G3919,1990,138465,124606,263083,52.63167898,47.36375973,0,0
Oklahoma,40,1,G4001,1990,106619,119211,225830,47.21206217,52.78793783,0,0
Oklahoma,40,2,G4002,1990,118542,87657,213513,55.51980441,41.05464304,0,0
Oklahoma,40,3,G4003,1990,155934,51725,207659,75.09137577,24.90862423,0,0
Oklahoma,40,4,G4004,1990,140841,58235,199076,70.74735277,29.25264723,0,0
Oklahoma,40,5,G4005,1990,107579,123237,230816,46.60812075,53.39187925,0,0
Oklahoma,40,6,G4006,1990,134734,64068,198802,67.77296003,32.22703997,0,0
Oregon,41,1,G4101,1990,152917,140986,294154,51.98535461,47.92931594,0,0
Oregon,41,2,G4102,1990,90036,184163,274478,32.80262899,67.09572352,0,0
Oregon,41,3,G4103,1990,208028,50235,269879,77.08195154,18.61389734,0,0
Oregon,41,4,G4104,1990,199372,79733,279299,71.38299815,28.54754224,0,0
Oregon,41,5,G4105,1990,174443,97984,272944,63.91164488,35.89893898,0,0
Pennsylvania,42,1,G4201,1990,150172,35419,185591,80.91556164,19.08443836,0,0
Pennsylvania,42,2,G4202,1990,164355,47906,213927,76.82760942,22.39362025,0,0
Pennsylvania,42,3,G4203,1990,130828,86787,221971,58.9392308,39.09835069,0,0
Pennsylvania,42,4,G4204,1990,186684,48484,237922,78.46437068,20.37810711,0,0
Pennsylvania,42,5,G4205,1990,0,188911,188911,0,100,1,0
Pennsylvania,42,6,G4206,1990,108312,99694,208006,52.07157486,47.92842514,0,0
Pennsylvania,42,7,G4207,1990,91623,180648,273898,33.45150384,65.9544794,0,0
Pennsylvania,42,8,G4208,1990,114095,129593,249538,45.72249517,51.9331725,0,0
Pennsylvania,42,9,G4209,1990,0,182406,182406,0,100,1,0
Pennsylvania,42,10,G4210,1990,0,189414,209548,0,90.39170023,1,0
Pennsylvania,42,11,G4211,1990,138875,68112,206987,67.09358559,32.90641441,0,0
Pennsylvania,42,12,G4212,1990,166916,0,166916,100,0,1,0
Pennsylvania,42,13,G4213,1990,127685,126312,253997,50.27027878,49.72972122,0,0
Pennsylvania,42,14,G4214,1990,165633,61311,229038,72.31682079,26.76892044,0,0
Pennsylvania,42,15,G4215,1990,111419,99520,213324,52.22994131,46.65204103,0,0
Pennsylvania,42,16,G4216,1990,74741,137823,212564,35.16164543,64.83835457,0,0
Pennsylvania,42,17,G4217,1990,65881,150158,216039,30.49495693,69.50504307,0,0
Pennsylvania,42,18,G4218,1990,96655,154024,254329,38.00392405,60.56092699,0,0
Pennsylvania,42,19,G4219,1990,74798,98599,217587,34.3761346,45.31474766,0,0
Pennsylvania,42,20,G4220,1990,114898,111591,226489,50.73005753,49.26994247,0,0
Pennsylvania,42,21,G4221,1990,70802,150729,221531,31.96031255,68.03968745,0,0
Rhode Island,44,1,G4401,1990,48092,135982,194089,24.77832335,70.06167274,0,0
Rhode Island,44,2,G4402,1990,144450,49998,204413,70.66576001,24.45930543,0,0
South Carolina,45,1,G4501,1990,59908,121938,184549,32.4618394,66.07350893,0,0
South Carolina,45,2,G4502,1990,0,148667,169670,0,87.62126481,1,0
South Carolina,45,3,G4503,1990,119119,75660,194864,61.12930044,38.8270794,0,0
South Carolina,45,4,G4504,1990,94182,99879,198410,47.46837357,50.33970062,0,0
South Carolina,45,5,G4505,1990,112031,70866,183086,61.19036955,38.70640027,0,0
South Carolina,45,6,G4506,1990,120647,64149,184871,65.26010029,34.69933088,0,0
South Dakota,46,0,G4600,1990,230070,89375,332902,69.11042889,26.84724033,0,0
Tennessee,47,1,G4701,1990,47809,114797,170158,28.09682765,67.46494435,0,0
Tennessee,47,2,G4702,1990,52887,148377,205401,25.74817065,72.23772036,0,0
Tennessee,47,3,G4703,1990,105693,102763,216533,48.81149755,47.45835508,0,0
Tennessee,47,4,G4704,1990,98984,50340,154511,64.06275281,32.58020465,0,0
Tennessee,47,5,G4705,1990,125233,49417,187590,66.75888907,26.34308865,0,0
Tennessee,47,6,G4706,1990,120177,86289,212428,56.57305063,40.62035137,0,0
Tennessee,47,7,G4707,1990,72062,125101,202866,35.52197017,61.66681455,0,0
Tennessee,47,8,G4708,1990,136852,0,163432,83.73635518,0,1,0
Tennessee,47,9,G4709,1990,123276,60606,212755,57.94270405,28.48628704,0,0
Texas,48,1,G4801,1990,152209,0,152209,100,0,1,0
Texas,48,2,G4802,1990,118625,92176,211350,56.12727703,43.61296428,0,0
Texas,48,3,G4803,1990,0,201569,234139,0,86.08945968,1,0
Texas,48,4,G4804,1990,128008,83875,220333,58.09751603,38.06737983,0,0
Texas,48,5,G4805,1990,98567,62419,167330,58.90575509,37.30293432,0,0
Texas,48,6,G4806,1990,73933,189140,263073,28.10360622,71.89639378,0,0
Texas,48,7,G4807,1990,0,169407,169407,0,100,1,0
Texas,48,8,G4808,1990,53473,179349,232822,22.96733127,77.03266873,0,0
Texas,48,9,G4809,1990,118690,96270,221361,53.61829771,43.49004567,0,0
Texas,48,10,G4810,1990,177233,68646,261892,67.67407939,26.21156813,0,0
Texas,48,11,G4811,1990,199999,58033,178032,112.338793,32.59694886,0,0
Texas,48,12,G4812,1990,125492,74432,199924,62.76985254,37.23014746,0,0
Texas,48,13,G4813,1990,117892,77514,195406,60.33182195,39.66817805,0,0
Texas,48,14,G4814,1990,135930,54412,199671,68.07698664,27.25082761,0,0
Texas,48,15,G4815,1990,86351,56549,142900,60.42757173,39.57242827,0,0
Texas,48,16,G4816,1990,66731,61870,128601,51.8899542,48.1100458,0,0
Texas,48,17,G4817,1990,136213,69958,206171,66.0679727,33.9320273,0,0
Texas,48,18,G4818,1990,111422,56080,172208,64.70198829,32.56526991,0,0
Texas,48,19,G4819,1990,47325,162057,209382,22.60222942,77.39777058,0,0
Texas,48,20,G4820,1990,103755,0,103755,100,0,1,0
Texas,48,21,G4821,1990,62827,190979,264653,23.73938705,72.16203859,0,0
Texas,48,22,G4822,1990,67812,150221,218033,31.10171396,68.89828604,0,0
Texas,48,23,G4823,1990,63797,98259,166347,38.35175867,59.06869375,0,0
Texas,48,24,G4824,1990,104174,70042,174216,59.79588557,40.20411443,0,0
Texas,48,25,G4825,1990,98975,73192,176877,55.95696444,41.38016814,0,0
Texas,48,26,G4826,1990,55237,150209,205531,26.87526456,73.08337915,0,0
Texas,48,27,G4827,1990,87022,66853,156844,55.48315524,42.62388105,0,0
Texas,48,28,G4828,1990,122457,0,140585,87.10530995,0,1,0
Texas,48,29,G4829,1990,64064,34609,98673,64.92556221,35.07443779,0,0
Texas,48,30,G4830,1990,107831,37853,150747,71.53110841,25.11028412,0,0
Utah,49,1,G4901,1990,68712,160037,245254,28.01666843,65.25357385,0,0
Utah,49,2,G4902,1990,127738,118307,252969,50.49551526,46.76739047,0,0
Utah,49,3,G4903,1990,135029,84019,229061,58.94892627,36.67974906,0,0
Vermont,50,0,G5000,1990,22279,86901,281626,7.9108463,30.85688111,0,0
Virginia,51,1,G5101,1990,89814,133537,232051,38.70442273,57.54640144,0,0
Virginia,51,2,G5102,1990,99253,77797,177133,56.03303732,43.92010523,0,0
Virginia,51,3,G5103,1990,132432,35780,168473,78.60725457,21.23782446,0,0
Virginia,51,4,G5104,1990,147649,68286,215960,68.36867939,31.6197444,0,0
Virginia,51,5,G5105,1990,133031,60030,193084,68.89799258,31.0900955,0,0
Virginia,51,6,G5106,1990,84618,127309,212087,39.8977778,60.02678146,0,0
Virginia,51,7,G5107,1990,0,211618,255375,0,82.86558982,1,0
Virginia,51,8,G5108,1990,138542,102717,247126,56.06128048,41.56462695,0,0
Virginia,51,9,G5109,1990,133284,77985,211295,63.07958068,36.90811425,0,0
Virginia,51,10,G5110,1990,75775,144471,227191,33.35299374,63.590107,0,0
Virginia,51,11,G5111,1990,114172,103119,228272,50.01577066,45.1737401,0,0
Washington,53,1,G5301,1990,148844,113897,271274,54.86850933,41.98596253,0,0
Washington,53,2,G5302,1990,133207,107365,255920,52.05025008,41.9525633,0,0
Washington,53,3,G5303,1990,138043,108583,246626,55.97260629,44.02739371,0,0
Washington,53,4,G5304,1990,106556,103028,209584,50.8416673,49.1583327,0,0
Washington,53,5,G5305,1990,135965,110443,246408,55.17880913,44.82119087,0,0
Washington,53,6,G5306,1990,152933,66664,238162,64.21385444,27.99103131,0,0
Washington,53,7,G5307,1990,222604,54149,283950,78.39549216,19.06990667,0,0
Washington,53,8,G5308,1990,87611,155874,258171,33.93525996,60.37626224,0,0
Washington,53,9,G5309,1990,110902,91910,212919,52.0864742,43.16665023,0,0
West Virginia,54,1,G5401,1990,172924,0,172924,100,0,1,0
West Virginia,54,2,G5402,1990,143988,59102,203090,70.89861638,29.10138362,0,0
West Virginia,54,3,G5403,1990,122279,64012,186291,65.63870504,34.36129496,0,0
Wisconsin,55,1,G5501,1990,147495,104352,256280,57.55228656,40.71796473,0,0
Wisconsin,55,2,G5502,1990,108291,183366,292898,36.97225655,62.60404646,0,0
Wisconsin,55,3,G5503,1990,108664,146903,260335,41.74006568,56.42844796,0,0
Wisconsin,55,4,G5504,1990,173482,84872,263803,65.76195115,32.17249235,0,0
Wisconsin,55,5,G5505,1990,162344,71085,234176,69.32563542,30.35537374,0,0
Wisconsin,55,6,G5506,1990,128232,143875,272137,47.12038422,52.86859192,0,0
Wisconsin,55,7,G5507,1990,166200,91772,257982,64.42309929,35.57302447,0,0
Wisconsin,55,8,G5508,1990,81792,191704,273532,29.90216867,70.08467017,0,0
Wisconsin,55,9,G5509,1990,77362,192898,276787,27.9500121,69.69185692,0,0
Wyoming,56,0,G5600,1990,77418,113882,196977,39.30306584,57.81487179,0,0
Alabama,1,1,G0101,2015,0,208083,215893,0,96.38246724,1,0
Alabama,1,2,G0102,2015,112089,134886,276584,40.52620542,48.76854771,0,0
Alabama,1,3,G0103,2015,94549,192164,287104,32.9319689,66.93184351,0,0
Alabama,1,4,G0104,2015,0,235925,239444,0,98.5303453,1,0
Alabama,1,5,G0105,2015,102234,205647,308326,33.15776159,66.69791065,0,0
Alabama,1,6,G0106,2015,83709,245313,329306,25.41982229,74.49393573,0,0
Alabama,1,7,G0107,2015,229330,0,233028,98.41306624,0,1,0
Alaska,2,0,G0200,2015,111019,155088,308198,36.02197289,50.3208976,0,0
Arizona,4,1,G0401,2015,142219,121745,280710,50.66403049,43.37038225,0,0
Arizona,4,2,G0402,2015,135873,179806,315679,43.04150735,56.95849265,0,0
Arizona,4,3,G0403,2015,148973,0,151035,98.63475353,0,1,0
Arizona,4,4,G0404,2015,81296,203487,284783,28.5466478,71.4533522,0,0
Arizona,4,5,G0405,2015,114940,205184,320124,35.90483688,64.09516312,0,0
Arizona,4,6,G0406,2015,122866,201578,324444,37.86970941,62.13029059,0,0
Arizona,4,7,G0407,2015,119465,39286,158811,75.22463809,24.73758115,0,0
Arizona,4,8,G0408,2015,0,204942,298971,0,68.54912349,1,0
Arizona,4,9,G0409,2015,169055,108350,277507,60.91918402,39.04406015,0,0
Arkansas,5,1,G0501,2015,0,183866,241047,0,76.27807025,1,0
Arkansas,5,2,G0502,2015,111347,176472,302464,36.81330671,58.34479475,0,0
Arkansas,5,3,G0503,2015,0,217192,280907,0,77.31811596,1,0
Arkansas,5,4,G0504,2015,0,"182,885",244159,0,74.90405842,1,0
California,6,1,G0601,2015,128588,185448,314036,40.94689781,59.05310219,0,0
California,6,2,G0602,2015,254194,76572,330766,76.85009947,23.14990053,0,0
California,6,3,G0603,2015,152513,104453,256996,59.34450342,40.64382325,0,0
California,6,4,G0604,2015,130845,220133,350978,37.28011442,62.71988558,0,0
California,6,5,G0605,2015,224526,67565,292091,76.86851016,23.13148984,0,0
California,6,6,G0606,2015,177565,57848,235413,75.4270155,24.5729845,0,0
California,6,7,G0607,2015,152133,145168,297301,51.17137177,48.82862823,0,0
California,6,8,G0608,2015,83035,136972,220007,37.74198094,62.25801906,0,0
California,6,9,G0609,2015,133163,98992,232155,57.35952273,42.64047727,0,0
California,6,10,G0610,2015,116470,124761,241141,48.29954259,51.73777997,0,0
California,6,11,G0611,2015,214868,83341,298209,72.05282201,27.94717799,0,0
California,6,12,G0612,2015,274035,0,338845,80.87326064,0,1,0
California,6,13,G0613,2015,293117,29754,322871,90.78455482,9.215445178,0,0
California,6,14,G0614,2015,231630,54817,286447,80.86312651,19.13687349,0,0
California,6,15,G0615,2015,198578,70619,269197,73.76679532,26.23320468,0,0
California,6,16,G0616,2015,97473,70843,167956,58.03484246,42.17949939,0,0
California,6,17,G0617,2015,233192,0,233192,100,0,1,0
California,6,18,G0618,2015,230460,93470,323930,71.14500046,28.85499954,0,0
California,6,19,G0619,2015,181802,64061,245863,73.94443247,26.05556753,0,0
California,6,20,G0620,2015,180980,74811,255791,70.75307575,29.24692425,0,0
California,6,21,G0621,2015,57282,75126,132408,43.26173645,56.73826355,0,0
California,6,22,G0622,2015,76211,158755,234966,32.43490548,67.56509452,0,0
California,6,23,G0623,2015,74468,167116,241584,30.82488907,69.17511093,0,0
California,6,24,G0624,2015,166034,144780,310814,53.41908666,46.58091334,0,0
California,6,25,G0625,2015,122406,138755,261161,46.86993847,53.13006153,0,0
California,6,26,G0626,2015,169248,111059,280307,60.37951246,39.62048754,0,0
California,6,27,G0627,2015,168977,81655,250632,67.42036133,32.57963867,0,0
California,6,28,G0628,2015,210883,59526,270409,77.98667944,22.01332056,0,0
California,6,29,G0629,2015,171824,0,171824,100,0,1,0
California,6,30,G0630,2015,205279,77325,282604,72.63839153,27.36160847,0,0
California,6,31,G0631,2015,121070,94866,215936,56.06753853,43.93246147,0,0
California,6,32,G0632,2015,186646,0,186646,100,0,1,0
California,6,33,G0633,2015,219397,110822,330219,66.4398475,33.5601525,0,0
California,6,34,G0634,2015,159156,0,159156,100,0,1,0
California,6,35,G0635,2015,124044,47309,171353,72.39091233,27.60908767,0,0
California,6,36,G0636,2015,144348,88269,232617,62.05393415,37.94606585,0,0
California,6,37,G0637,2015,237272,0,237272,100,0,1,0
California,6,38,G0638,2015,163590,68524,232114,70.47829946,29.52170054,0,0
California,6,39,G0639,2015,112769,150777,263456,42.80373193,57.23042937,0,0
California,6,40,G0640,2015,106554,0,149297,71.3704897,0,1,0
California,6,41,G0641,2015,128164,69159,197323,64.95137414,35.04862586,0,0
California,6,42,G0642,2015,104689,149547,254236,41.17788197,58.82211803,0,0
California,6,43,G0643,2015,167017,52499,219516,76.08420343,23.91579657,0,0
California,6,44,G0644,2015,178413,0,178413,100,0,1,0
California,6,45,G0645,2015,129231,182618,311849,41.44024833,58.55975167,0,0
California,6,46,G0646,2015,164593,0,164593,100,0,1,0
California,6,47,G0647,2015,154759,88109,242868,63.72144539,36.27855461,0,0
California,6,48,G0648,2015,127715,178701,306416,41.68026474,58.31973526,0,0
California,6,49,G0649,2015,154267,155888,310155,49.73867905,50.26132095,0,0
California,6,50,G0650,2015,103646,179937,283583,36.54873529,63.45126471,0,0
California,6,51,G0651,2015,145162,54362,199524,72.75415489,27.24584511,0,0
California,6,52,G0652,2015,181253,139403,320656,56.52568485,43.47431515,0,0
California,6,53,G0653,2015,198988,97968,296956,67.0092539,32.9907461,0,0
Colorado,8,1,G0801,2015,257254,105030,379036,67.87059804,27.70976899,0,0
Colorado,8,2,G0802,2015,260175,170001,457312,56.89223112,37.17396438,0,0
Colorado,8,3,G0803,2015,150914,204220,374037,40.34734532,54.59887658,0,0
Colorado,8,4,G0804,2015,123642,248230,390633,31.65170377,63.54557859,0,0
Colorado,8,5,G0805,2015,111676,225445,361993,30.85032031,62.2788286,0,0
Colorado,8,6,G0806,2015,160372,191626,376417,42.60487704,50.90790267,0,0
Colorado,8,7,G0807,2015,199758,144066,362010,55.18024364,39.79613823,0,0
Connecticut,9,1,G0901,2015,"187,021","105,674",312925,59.765439,33.76975314,0,0
Connecticut,9,2,G0902,2015,"186,210","111,149",330257,56.38336205,33.65530481,0,0
Connecticut,9,3,G0903,2015,"192,274","95,786",309379,62.14836818,30.96073101,0,0
Connecticut,9,4,G0904,2015,"187,811","120,653",313540,59.90017223,38.48089558,0,0
Connecticut,9,5,G0905,2015,"163,499","124,900",309082,52.89826001,40.40998829,0,0
Delaware,10,0,G1000,2015,233554,172301,420617,55.52652413,40.96386974,0,0
District of Columbia,11,98,G1198,2015,265178,0,312575,84.83659922,0,1,0
Florida,12,1,G1201,2015,114079,255107,369186,30.90014248,69.09985752,0,0
Florida,12,2,G1202,2015,102801,231163,343362,29.93953903,67.32340795,0,0
Florida,12,3,G1203,2015,136338,193843,342700,39.7834841,56.56346659,0,0
Florida,12,4,G1204,2015,113088,287509,409662,27.60519648,70.1820037,0,0
Florida,12,5,G1205,2015,194549,108325,302874,64.23430205,35.76569795,0,0
Florida,12,6,G1206,2015,151051,213519,364570,41.43264668,58.56735332,0,0
Florida,12,7,G1207,2015,182039,171583,353655,51.47361129,48.51705758,0,0
Florida,12,8,G1208,2015,127127,246483,390561,32.54984497,63.10998794,0,0
Florida,12,9,G1209,2015,195311,144450,339761,57.48482021,42.51517979,0,0
Florida,12,10,G1210,2015,198491,107498,305989,64.86867175,35.13132825,0,0
Florida,12,11,G1211,2015,124713,258016,394719,31.59538811,65.36700792,0,0
Florida,12,12,G1212,2015,116110,253559,369669,31.40917956,68.59082044,0,0
Florida,12,13,G1213,2015,184693,171149,355842,51.90309182,48.09690818,0,0
Florida,12,14,G1214,2015,195789,121088,316877,61.78706564,38.21293436,0,0
Florida,12,15,G1215,2015,135475,182999,318474,42.53879438,57.46120562,0,0
Florida,12,16,G1216,2015,155262,230654,385916,40.23207123,59.76792877,0,0
Florida,12,17,G1217,2015,115974,209348,338675,34.24344873,61.81383332,0,0
Florida,12,18,G1218,2015,161918,201488,375918,43.07269138,53.59892317,0,0
Florida,12,19,G1219,2015,123812,239225,363166,34.09239852,65.87208054,0,0
Florida,12,20,G1220,2015,222914,54646,277560,80.31200461,19.68799539,0,0
Florida,12,21,G1221,2015,210606,118038,335861,62.70629814,35.14489625,0,0
Florida,12,22,G1222,2015,199113,138737,337850,58.93532633,41.06467367,0,0
Florida,12,23,G1223,2015,183225,130818,323120,56.70493934,40.4858876,0,0
Florida,12,24,G1224,2015,-99,0,-99,100,0,1,1
Florida,12,25,G1225,2015,95319,157921,253240,37.63978834,62.36021166,0,0
Florida,12,26,G1226,2015,115493,148547,280542,41.16781088,52.95000392,0,0
Florida,12,27,G1227,2015,129760,157917,287677,45.10614335,54.89385665,0,0
Georgia,13,1,G1301,2015,0,210243,211112,0,99.58837015,1,0
Georgia,13,2,G1302,2015,148543,94056,242599,61.22984843,38.77015157,0,0
Georgia,13,3,G1303,2015,95969,207218,303187,31.65340203,68.34659797,0,0
Georgia,13,4,G1304,2015,220146,70593,290739,75.71945972,24.28054028,0,0
Georgia,13,5,G1305,2015,253781,46768,300549,84.43914303,15.56085697,0,0
Georgia,13,6,G1306,2015,124917,201088,326005,38.31751047,61.68248953,0,0
Georgia,13,7,G1307,2015,114220,174081,288301,39.61831558,60.38168442,0,0
Georgia,13,8,G1308,2015,83225,173983,257208,32.35708065,67.64291935,0,0
Georgia,13,9,G1309,2015,0,256535,256535,0,100,1,0
Georgia,13,10,G1310,2015,0,243725,244821,0,99.55232599,1,0
Georgia,13,11,G1311,2015,105383,217935,323318,32.59422612,67.40577388,0,0
Georgia,13,12,G1312,2015,99420,159492,258912,38.3991472,61.6008528,0,0
Georgia,13,13,G1313,2015,252833,0,252833,100,0,1,0
Georgia,13,14,G1314,2015,0,216743,216743,0,100,1,0
Hawaii,15,1,G1501,2015,145417,45958,213531,68.10111881,21.52287022,0,0
Hawaii,15,2,G1502,2015,170848,39668,224133,76.22616928,17.69842013,0,0
Idaho,16,1,G1601,2015,113052,242252,355357,31.81364093,68.17144449,0,0
Idaho,16,2,G1602,2015,95940,205292,326237,29.40806837,62.9272584,0,0
Illinois,17,1,G1701,2015,"234,037","81,817","315,862",74.09469958,25.90276766,0,0
Illinois,17,2,G1702,2015,"235,051","59,471","294,522",79.80762048,20.19237952,0,0
Illinois,17,3,G1703,2015,"225,320",0,"225,411",99.9596293,0,1,0
Illinois,17,4,G1704,2015,"171,297",0,"171,297",100,0,1,0
Illinois,17,5,G1705,2015,"212,842","86,222","313,724",67.84370976,27.48339305,0,0
Illinois,17,6,G1706,2015,"143,591","208,555","352,146",40.77598496,59.22401504,0,0
Illinois,17,7,G1707,2015,"250,584","46,882","297,466",84.23954334,15.76045666,0,0
Illinois,17,8,G1708,2015,"144,954","103,617","248,571",58.31492813,41.68507187,0,0
Illinois,17,9,G1709,2015,"217,306","109,550","326,948",66.46500361,33.50685736,0,0
Illinois,17,10,G1710,2015,"150,435","135,535","285,996",52.60038602,47.39052294,0,0
Illinois,17,11,G1711,2015,"166,578","108,995","275,573",60.44786681,39.55213319,0,0
Illinois,17,12,G1712,2015,"124,246","169,976","313,002",39.69495403,54.30508431,0,0
Illinois,17,13,G1713,2015,"126,811","187,583","314,394",40.33505728,59.66494272,0,0
Illinois,17,14,G1714,2015,"137,589","200,508","338,097",40.69512595,59.30487405,0,0
Illinois,17,15,G1715,2015,0,"274,554","274,554",0,100,1,0
Illinois,17,16,G1716,2015,0,"259,722","259,853",0,99.94958688,1,0
Illinois,17,17,G1717,2015,"173,125","113,943","287,068",60.30801065,39.69198935,0,0
Illinois,17,18,G1718,2015,"96,770","250,506","347,283",27.86488253,72.13310182,0,0
Indiana,18,1,G1801,2015,207515,0,254583,81.51172702,0,1,0
Indiana,18,2,G1802,2015,102401,164355,277357,36.92028685,59.25756336,0,0
Indiana,18,3,G1803,2015,66023,201396,287247,22.98474832,70.11248159,0,0
Indiana,18,4,G1804,2015,91256,193412,299434,30.47616503,64.59253124,0,0
Indiana,18,5,G1805,2015,123849,221957,361135,34.29437745,61.46094951,0,0
Indiana,18,6,G1806,2015,79135,204920,296385,26.70006917,69.13980127,0,0
Indiana,18,7,G1807,2015,158739,94456,264670,59.97619677,35.68821551,0,0
Indiana,18,8,G1808,2015,93356,187702,294713,31.67691958,63.68975919,0,0
Indiana,18,9,G1809,2015,130627,174791,322843,40.46146269,54.14117698,0,0
Iowa,19,1,G1901,2015,177403,206903,384977,46.08145422,53.74424966,0,0
Iowa,19,2,G1902,2015,198571,170933,370032,53.6631967,46.19411294,0,0
Iowa,19,3,G1903,2015,155002,208598,390287,39.71487649,53.44733491,0,0
Iowa,19,4,G1904,2015,142993,226719,370259,38.61972295,61.23254263,0,0
Kansas,20,1,G2001,2015,0,169992,257971,0,65.89577898,1,0
Kansas,20,2,G2002,2015,96840,181228,297401,32.56209629,60.93725307,0,0
Kansas,20,3,G2003,2015,139300,176022,343113,40.59886976,51.30146628,0,0
Kansas,20,4,G2004,2015,81495,166998,275251,29.60752186,60.67116922,0,0
Kentucky,21,1,G2101,2015,81710,216959,299001,27.3276678,72.56129578,0,0
Kentucky,21,2,G2102,2015,0,251825,251825,0,100,1,0
Kentucky,21,3,G2103,2015,212401,122093,334494,63.4991958,36.5008042,0,0
Kentucky,21,4,G2104,2015,94065,233922,327987,28.67949035,71.32050965,0,0
Kentucky,21,5,G2105,2015,0,221242,221242,0,100,1,0
Kentucky,21,6,G2106,2015,128728,202099,330827,38.9109716,61.0890284,0,0
Louisiana,22,1,G2201,2015,63785,243645,326788,19.51877058,74.55751129,0,0
Louisiana,22,2,G2202,2015,284269,0,284269,100,0,1,0
Louisiana,22,3,G2203,2015,56215,220621,282443,19.9031309,78.11168979,0,0
Louisiana,22,4,G2204,2015,46579,216540,268761,17.33101157,80.56972552,0,0
Louisiana,22,5,G2205,2015,0,255662,255662,0,100,1,0
Louisiana,22,6,G2206,2015,79202,241075,331098,23.92101432,72.81076902,0,0
Maine,23,1,G2301,2015,227546,164569,406942,55.91607649,40.44040674,0,0
Maine,23,2,G2302,2015,159081,192878,364886,43.59745235,52.85979731,0,0
Maryland,24,1,G2401,2015,103622,242574,362097,28.61719374,66.99144152,0,0
Maryland,24,2,G2402,2015,192183,102577,309480,62.09868166,33.14495282,0,0
Maryland,24,3,G2403,2015,214640,115048,339675,63.18981379,33.87002282,0,0
Maryland,24,4,G2404,2015,237501,68670,320650,74.06861063,21.41587401,0,0
Maryland,24,5,G2405,2015,242989,105931,360634,67.3782838,29.3735477,0,0
Maryland,24,6,G2406,2015,185770,133081,331973,55.95937019,40.08789871,0,0
Maryland,24,7,G2407,2015,238838,69556,318912,74.89150612,21.81040538,0,0
Maryland,24,8,G2408,2015,220657,124651,364324,60.56614442,34.21432571,0,0
Massachusetts,25,1,G2501,2015,235803,0,349676,67.43471099,0,1,0
Massachusetts,25,2,G2502,2015,275487,0,363197,75.85057145,0,1,0
Massachusetts,25,3,G2503,2015,236713,107519,360124,65.73097044,29.85610512,0,0
Massachusetts,25,4,G2504,2015,265823,113055,395304,67.24520875,28.59950823,0,0
Massachusetts,25,5,G2505,2015,285606,0,385455,74.09580885,0,1,0
Massachusetts,25,6,G2506,2015,308923,0,415749,74.30516971,0,1,0
Massachusetts,25,7,G2507,2015,253354,0,309645,81.82079478,0,1,0
Massachusetts,25,8,G2508,2015,271019,102744,396009,68.43758601,25.94486489,0,0
Massachusetts,25,9,G2509,2015,211790,127803,403642,52.46976281,31.66246327,0,0
Michigan,26,1,G2601,2015,144334,197777,360271,40.06261953,54.89673052,0,0
Michigan,26,2,G2602,2015,110391,212508,339328,32.53224019,62.62613165,0,0
Michigan,26,3,G2603,2015,128400,203545,342365,37.50383363,59.45263096,0,0
Michigan,26,4,G2604,2015,101277,194572,315751,32.0749578,61.62197428,0,0
Michigan,26,5,G2605,2015,195279,112102,319291,61.16019556,35.10966485,0,0
Michigan,26,6,G2606,2015,119980,193259,329565,36.40556491,58.64063235,0,0
Michigan,26,7,G2607,2015,134010,184321,334807,40.02604486,55.05291108,0,0
Michigan,26,8,G2608,2015,143791,205629,366698,39.2123764,56.07584443,0,0
Michigan,26,9,G2609,2015,199661,128937,344775,57.91052135,37.39743311,0,0
Michigan,26,10,G2610,2015,110112,215132,340983,32.29251898,63.09170838,0,0
Michigan,26,11,G2611,2015,152461,200872,379488,40.17544692,52.93237204,0,0
Michigan,26,12,G2612,2015,211378,96104,328542,64.33819725,29.25166341,0,0
Michigan,26,13,G2613,2015,198771,40541,257797,77.10369011,15.7259394,0,0
Michigan,26,14,G2614,2015,244135,58103,310974,78.50656325,18.68419868,0,0
Minnesota,27,1,G2701,2015,169071,166524,335873,50.33777648,49.57945414,0,0
Minnesota,27,2,G2702,2015,0,173970,370515,0,46.95356463,1,0
Minnesota,27,3,G2703,2015,0,223075,393457,0,56.69615739,1,0
Minnesota,27,4,G2704,2015,203299,121033,351945,57.76442342,34.3897484,0,0
Minnesota,27,5,G2705,2015,249957,80660,361875,69.07274611,22.28946459,0,0
Minnesota,27,6,G2706,2015,0,235385,358930,0,65.57963948,1,0
Minnesota,27,7,G2707,2015,173572,156944,330823,52.46672692,47.44047421,0,0
Minnesota,27,8,G2708,2015,179097,177088,356971,50.17130243,49.60851162,0,0
Mississippi,28,1,G2801,2015,83947,206455,300423,27.9429338,68.72143611,0,0
Mississippi,28,2,G2802,2015,192343,83542,286626,67.10591503,29.1466929,0,0
Mississippi,28,3,G2803,2015,96101,209490,316445,30.36894247,66.2010776,0,0
Mississippi,28,4,G2804,2015,77505,181323,278779,27.80159194,65.04184318,0,0
Missouri,29,1,G2901,2015,236993,62714,314024,75.46970932,19.97108501,0,0
Missouri,29,2,G2902,2015,155689,241954,413296,37.67009601,58.54254578,0,0
Missouri,29,3,G2903,2015,102891,249865,368333,27.93423342,67.83671297,0,0
Missouri,29,4,G2904,2015,92510,225348,332234,27.84483226,67.82809706,0,0
Missouri,29,5,G2905,2015,190766,123771,324270,58.82937059,38.16911833,0,0
Missouri,29,6,G2906,2015,99692,238388,350444,28.44734109,68.02456313,0,0
Missouri,29,7,G2907,2015,92756,228692,338607,27.39340888,67.53906446,0,0
Missouri,29,8,G2908,2015,70009,229792,308871,22.66609685,74.39740215,0,0
Montana,30,0,G3000,2015,205919,285358,507831,40.54872586,56.19152828,0,0
Nebraska,31,1,G3101,2015,189771,83467,273238,69.45263836,30.54736164,0,0
Nebraska,31,2,G3102,2015,141066,137602,288308,48.92892323,47.72743039,0,0
Nebraska,31,3,G3103,2015,226720,0,226720,100,0,1,0
Nevada,32,1,G3201,2015,116537,54174,188352,61.87192066,28.76210499,0,0
Nevada,32,2,G3202,2015,115722,182676,313336,36.93223887,58.30035489,0,0
Nevada,32,3,G3203,2015,146869,142926,310963,47.23037789,45.96238138,0,0
Nevada,32,4,G3204,2015,128985,118328,265846,48.51869127,44.50997946,0,0
New Hampshire,33,1,G3301,2015,162080,157176,365984,44.28608901,42.94613972,0,0
New Hampshire,33,2,G3302,2015,174371,158825,350509,49.747938,45.31267385,0,0
New Jersey,34,1,G3401,2015,183231,112388,305473,59.98271533,36.79146766,0,0
New Jersey,34,2,G3402,2015,110838,176338,297795,37.21956379,59.21456035,0,0
New Jersey,34,3,G3403,2015,127526,194596,328060,38.87276718,59.31719807,0,0
New Jersey,34,4,G3404,2015,111532,211992,332684,33.52490652,63.72172993,0,0
New Jersey,34,5,G3405,2015,172587,157690,337701,51.10645216,46.6951534,0,0
New Jersey,34,6,G3406,2015,167895,91908,263435,63.73298916,34.88830262,0,0
New Jersey,34,7,G3407,2015,148188,185850,343635,43.12366319,54.08354795,0,0
New Jersey,34,8,G3408,2015,134733,32337,174889,77.03915055,18.49001367,0,0
New Jersey,34,9,G3409,2015,162642,65376,233242,69.73100899,28.02925717,0,0
New Jersey,34,10,G3410,2015,190856,26450,222771,85.67362897,11.87317918,0,0
New Jersey,34,11,G3411,2015,130162,194299,334992,38.85525624,58.00108659,0,0
New Jersey,34,12,G3412,2015,181430,92407,288634,62.85815254,32.01528579,0,0
New Mexico,35,1,G3501,2015,181088,96879,277967,65.14730166,34.85269834,0,0
New Mexico,35,2,G3502,2015,85232,143515,228817,37.24898063,62.72042724,0,0
New Mexico,35,3,G3503,2015,170612,102730,273342,62.41704531,37.58295469,0,0
New York,36,1,G3601,2015,126635,158409,341554,37.07612852,46.37890348,0,0
New York,36,2,G3602,2015,102270,157571,317552,32.20574898,49.62053459,0,0
New York,36,3,G3603,2015,171775,133954,350966,48.9434874,38.16722987,0,0
New York,36,4,G3604,2015,181861,111246,343179,52.99304445,32.41631918,0,0
New York,36,5,G3605,2015,197852,26791,249236,79.38339566,10.74924971,0,0
New York,36,6,G3606,2015,131463,43770,210378,62.48894846,20.80540741,0,0
New York,36,7,G3607,2015,165819,14941,206983,80.11237638,7.218467217,0,0
New York,36,8,G3608,2015,203235,0,257602,78.894962,0,1,0
New York,36,9,G3609,2015,198886,0,256853,77.43183844,0,1,0
New York,36,10,G3610,2015,180117,46275,266516,67.58205886,17.36293506,0,0
New York,36,11,G3611,2015,85257,122606,251718,33.87004505,48.70768082,0,0
New York,36,12,G3612,2015,230153,49398,312289,73.69872138,15.81804034,0,0
New York,36,13,G3613,2015,207194,13129,255239,81.17646598,5.143806393,0,0
New York,36,14,G3614,2015,138367,26891,197301,70.12990304,13.62942915,0,0
New York,36,15,G3615,2015,165688,6129,193703,85.53713675,3.164122394,0,0
New York,36,16,G3616,2015,198811,0,287556,69.13818526,0,1,0
New York,36,17,G3617,2015,193819,0,325571,59.5320222,0,1,0
New York,36,18,G3618,2015,140951,111117,319123,44.16823607,34.81948966,0,0
New York,36,19,G3619,2015,125956,135905,326588,38.56724681,41.61359266,0,0
New York,36,20,G3620,2015,188428,83328,332499,56.67024562,25.061128,0,0
New York,36,21,G3621,2015,75965,152597,288611,26.3208956,52.87289812,0,0
New York,36,22,G3622,2015,102734,113287,296086,34.69735145,38.26151861,0,0
New York,36,23,G3623,2015,106600,136964,296198,35.9894395,46.24069035,0,0
New York,36,24,G3624,2015,110550,150330,315429,35.04750673,47.65890264,0,0
New York,36,25,G3625,2015,168660,113840,336386,50.13882861,33.84207428,0,0
New York,36,26,G3626,2015,195322,56930,310819,62.84107471,18.31612611,0,0
New York,36,27,G3627,2015,107832,175509,354426,30.42440453,49.51922263,0,0
North Carolina,37,1,G3701,2015,240661,101567,350699,68.62323531,28.961303,0,0
North Carolina,37,2,G3702,2015,169082,221485,390567,43.29141991,56.70858009,0,0
North Carolina,37,3,G3703,2015,106170,217531,323701,32.79878653,67.20121347,0,0
North Carolina,37,4,G3704,2015,279380,130161,409541,68.21783411,31.78216589,0,0
North Carolina,37,5,G3705,2015,147887,207625,355512,41.59831454,58.40168546,0,0
North Carolina,37,6,G3706,2015,143167,207983,351150,40.77089563,59.22910437,0,0
North Carolina,37,7,G3707,2015,135905,211801,347706,39.086182,60.913818,0,0
North Carolina,37,8,G3708,2015,133182,189863,323045,41.22707363,58.77292637,0,0
North Carolina,37,9,G3709,2015,139041,193452,332493,41.81772248,58.18227752,0,0
North Carolina,37,10,G3710,2015,128919,220825,349744,36.86096116,63.13903884,0,0
North Carolina,37,11,G3711,2015,129103,230405,359508,35.91102284,64.08897716,0,0
North Carolina,37,12,G3712,2015,234115,115185,349300,67.0240481,32.9759519,0,0
North Carolina,37,13,G3713,2015,156049,199443,355492,43.89662777,56.10337223,0,0
North Dakota,38,0,G3800,2015,80377,233980,338459,23.74792811,69.13097303,0,0
Ohio,39,1,G3901,2015,144644,210014,354788,40.76913537,59.19422303,0,0
Ohio,39,2,G3902,2015,111694,221193,340279,32.82424128,65.00342366,0,0
Ohio,39,3,G3903,2015,199791,91560,291351,68.57398808,31.42601192,0,0
Ohio,39,4,G3904,2015,98981,210227,309208,32.01113813,67.98886187,0,0
Ohio,39,5,G3905,2015,100392,244599,344991,29.09988956,70.90011044,0,0
Ohio,39,6,G3906,2015,88780,213975,302755,29.32404089,70.67595911,0,0
Ohio,39,7,G3907,2015,89638,198221,309553,28.95723834,64.03459181,0,0
Ohio,39,8,G3908,2015,87794,223833,325506,26.97154584,68.76463107,0,0
Ohio,39,9,G3909,2015,193966,88427,282398,68.68533063,31.31289882,0,0
Ohio,39,10,G3910,2015,109981,215724,336602,32.67389974,64.08874576,0,0
Ohio,39,11,G3911,2015,242917,59769,302686,80.25379436,19.74620564,0,0
Ohio,39,12,G3912,2015,112638,251266,377534,29.83519365,66.55453549,0,0
Ohio,39,13,G3913,2015,208610,99377,308004,67.72963987,32.26484072,0,0
Ohio,39,14,G3914,2015,130907,219191,350269,37.37327597,62.57790441,0,0
Ohio,39,15,G3915,2015,113960,222847,336807,33.83540128,66.16459872,0,0
Ohio,39,16,G3916,2015,119830,225794,345624,34.67062473,65.32937527,0,0
Oklahoma,40,1,G4001,2015,0,-99,-99,0,100,1,1
Oklahoma,40,2,G4002,2015,62387,189839,268870,23.20340685,70.60624093,0,0
Oklahoma,40,3,G4003,2015,63090,227525,290615,21.70913408,78.29086592,0,0
Oklahoma,40,4,G4004,2015,76472,204143,293189,26.08283394,69.62846492,0,0
Oklahoma,40,5,G4005,2015,103273,160184,280570,36.80828314,57.09234772,0,0
Oregon,41,1,G4101,2015,225391,139756,378095,59.61226676,36.96319708,0,0
Oregon,41,2,G4102,2015,106640,272952,380739,28.00868837,71.69005539,0,0
Oregon,41,3,G4103,2015,274687,0,382355,71.84082855,0,1,0
Oregon,41,4,G4104,2015,220628,157743,397568,55.49440599,39.67698608,0,0
Oregon,41,5,G4105,2015,199505,160443,373108,53.47111292,43.0017582,0,0
Pennsylvania,42,1,G4201,2015,245791,53219,299010,82.20159861,17.79840139,0,0
Pennsylvania,42,2,G4202,2015,322514,35131,357645,90.17713095,9.822869046,0,0
Pennsylvania,42,3,G4203,2015,0,244893,244893,0,100,1,0
Pennsylvania,42,4,G4204,2015,113372,220628,334000,33.94371257,66.05628743,0,0
Pennsylvania,42,5,G4205,2015,101082,206761,307843,32.83556878,67.16443122,0,0
Pennsylvania,42,6,G4206,2015,155000,207469,362469,42.7622776,57.2377224,0,0
Pennsylvania,42,7,G4207,2015,153824,225678,379502,40.53311972,59.46688028,0,0
Pennsylvania,42,8,G4208,2015,173555,207263,380818,45.57426382,54.42573618,0,0
Pennsylvania,42,9,G4209,2015,107985,186580,294565,36.65914145,63.34085855,0,0
Pennsylvania,42,10,G4210,2015,89823,211282,301105,29.83112203,70.16887797,0,0
Pennsylvania,42,11,G4211,2015,113800,199421,313221,36.33217441,63.66782559,0,0
Pennsylvania,42,12,G4212,2015,137353,221851,359204,38.23815993,61.76184007,0,0
Pennsylvania,42,13,G4213,2015,239316,0,239316,100,0,1,0
Pennsylvania,42,14,G4214,2015,255293,87999,343292,74.36613728,25.63386272,0,0
Pennsylvania,42,15,G4215,2015,124129,190618,326474,38.02109816,58.38688533,0,0
Pennsylvania,42,16,G4216,2015,134586,168669,313773,42.89279192,53.75510321,0,0
Pennsylvania,42,17,G4217,2015,157734,135430,293164,53.80401414,46.19598586,0,0
Pennsylvania,42,18,G4218,2015,0,293684,293684,0,100,1,0
Rhode Island,44,1,G4401,2015,130534,71023,202371,64.50232494,35.09544352,0,0
Rhode Island,44,2,G4402,2015,133108,70301,229148,58.08822246,30.67929897,0,0
South Carolina,45,1,G4501,2015,110539,190410,325170,33.99421841,58.55706246,0,0
South Carolina,45,2,G4502,2015,105306,183746,304996,34.52701019,60.24538027,0,0
South Carolina,45,3,G4503,2015,72933,196325,269540,27.05832158,72.83705572,0,0
South Carolina,45,4,G4504,2015,91676,198648,295670,31.00618933,67.1857138,0,0
South Carolina,45,5,G4505,2015,105772,161669,273006,38.74347084,59.21811242,0,0
South Carolina,45,6,G4506,2015,177947,70099,253901,70.08519068,27.6087924,0,0
South Carolina,45,7,G4507,2015,103454,176468,289463,35.73997368,60.96392285,0,0
South Dakota,46,0,G4600,2015,132810,237163,369973,35.89721412,64.10278588,0,0
Tennessee,47,1,G4701,2015,39024,198293,253025,15.42298192,78.36893588,0,0
Tennessee,47,2,G4702,2015,68401,212455,280856,24.35447347,75.64552653,0,0
Tennessee,47,3,G4703,2015,76727,176613,266006,28.84408622,66.39436704,0,0
Tennessee,47,4,G4704,2015,89141,165796,254937,34.96589353,65.03410647,0,0
Tennessee,47,5,G4705,2015,171111,102433,273554,62.55108681,37.44525761,0,0
Tennessee,47,6,G4706,2015,61995,202234,284490,21.79162712,71.08650568,0,0
Tennessee,47,7,G4707,2015,65226,200407,277513,23.50376379,72.21535568,0,0
Tennessee,47,8,G4708,2015,70925,194386,282733,25.0855047,68.75249794,0,0
Tennessee,47,9,G4709,2015,171361,41123,217957,78.62147121,18.86748304,0,0
Texas,48,1,G4801,2015,62847,192434,260409,24.1339585,73.89683152,0,0
Texas,48,2,G4802,2015,100231,168692,278236,36.02373525,60.62910623,0,0
Texas,48,3,G4803,2015,109420,193684,316467,34.57548496,61.20195787,0,0
Texas,48,4,G4804,2015,0,216643,246220,0,87.98757209,1,0
Texas,48,5,G4805,2015,0,155469,192875,0,80.60609203,1,0
Texas,48,6,G4806,2015,106667,159444,273296,39.0298431,58.34113928,0,0
Texas,48,7,G4807,2015,111991,143542,255533,43.82643338,56.17356662,0,0
Texas,48,8,G4808,2015,0,236379,236379,0,100,1,0
Texas,48,9,G4809,2015,152032,36491,188523,80.64374108,19.35625892,0,0
Texas,48,10,G4810,2015,120170,179221,312600,38.44209853,57.33237364,0,0
Texas,48,11,G4811,2015,0,201871,225548,0,89.50245624,1,0
Texas,48,12,G4812,2015,76029,196482,283115,26.85445844,69.40006711,0,0
Texas,48,13,G4813,2015,0,199050,221242,0,89.96935482,1,0
Texas,48,14,G4814,2015,99054,160631,259685,38.14390512,61.85609488,0,0
Texas,48,15,G4815,2015,101712,66877,177479,57.30931547,37.68164121,0,0
Texas,48,16,G4816,2015,150228,0,175229,85.73238448,0,1,0
Texas,48,17,G4817,2015,86603,149417,245728,35.2434399,60.80585037,0,0
Texas,48,18,G4818,2015,150157,48306,204308,73.49540889,23.64371439,0,0
Texas,48,19,G4819,2015,0,176314,203475,0,86.65143138,1,0
Texas,48,20,G4820,2015,149640,0,187669,79.73613117,0,1,0
Texas,48,21,G4821,2015,129765,202967,356031,36.44766888,57.00823805,0,0
Texas,48,22,G4822,2015,123679,181864,305543,40.47842693,59.52157307,0,0
Texas,48,23,G4823,2015,107526,110577,228965,46.96176271,48.29428079,0,0
Texas,48,24,G4824,2015,108389,154845,275635,39.32338056,56.17755365,0,0
Texas,48,25,G4825,2015,117073,180988,310196,37.74162143,58.34633587,0,0
Texas,48,26,G4826,2015,94507,211730,319080,29.61859095,66.35639965,0,0
Texas,48,27,G4827,2015,88329,142251,230580,38.307312,61.692688,0,0
Texas,48,28,G4828,2015,122086,57740,184442,66.19208206,31.30523417,0,0
Texas,48,29,G4829,2015,95649,31646,131982,72.47124608,23.97751208,0,0
Texas,48,30,G4830,2015,170502,41518,218826,77.91670094,18.97306536,0,0
Texas,48,31,G4831,2015,103852,166060,284588,36.49205167,58.35101972,0,0
Texas,48,32,G4832,2015,0,162868,229171,0,71.06832889,1,0
Texas,48,33,G4833,2015,93147,33222,126369,73.71032453,26.28967547,0,0
Texas,48,34,G4834,2015,104638,62323,166961,62.67212103,37.32787897,0,0
Texas,48,35,G4835,2015,124612,62384,197576,63.07041341,31.57468518,0,0
Texas,48,36,G4836,2015,0,193675,218565,0,88.61208336,1,0
Utah,49,1,G4901,2015,73380,182925,277451,26.44791333,65.93056071,0,0
Utah,49,2,G4902,2015,93778,170524,276819,33.87700989,61.60126292,0,0
Utah,49,3,G4903,2015,75716,209589,285305,26.53861657,73.46138343,0,0
Utah,49,4,G4904,2015,113413,147597,274569,41.30582841,53.7558865,0,0
Vermont,50,0,G5000,2015,264414,0,320467,82.50896348,0,1,0
Virginia,51,1,G5101,2015,140785,230213,384601,36.60546904,59.85761867,0,0
Virginia,51,2,G5102,2015,119440,190475,310567,38.45869007,61.33137133,0,0
Virginia,51,3,G5103,2015,208337,103289,312340,66.70199142,33.06941154,0,0
Virginia,51,4,G5104,2015,200136,145731,346656,57.73331487,42.03908197,0,0
Virginia,51,5,G5105,2015,148339,207758,356756,41.57995941,58.2353205,0,0
Virginia,51,6,G5106,2015,112170,225471,338409,33.14628157,66.62677411,0,0
Virginia,51,7,G5107,2015,160159,218057,379163,42.24014474,57.5100946,0,0
Virginia,51,8,G5108,2015,246653,98387,360676,68.38630793,27.27849926,0,0
Virginia,51,9,G5109,2015,87877,212838,310314,28.31873522,68.5879464,0,0
Virginia,51,10,G5110,2015,187712,210791,400083,46.91826446,52.68681749,0,0
Virginia,51,11,G5111,2015,247818,0,282003,87.87778853,0,1,0
Washington,53,1,G5301,2015,193619,155779,349398,55.41502813,44.58497187,0,0
Washington,53,2,G5302,2015,208314,117094,325408,64.01625037,35.98374963,0,0
Washington,53,3,G5303,2015,119820,193457,313277,38.24730191,61.75269809,0,0
Washington,53,4,G5304,2015,0,229919,229919,0,100,1,0
Washington,53,5,G5305,2015,130575,192959,323534,40.35897309,59.64102691,0,0
Washington,53,6,G5306,2015,201718,126116,327834,61.5305307,38.4694693,0,0
Washington,53,7,G5307,2015,378754,0,378754,100,0,1,0
Washington,53,8,G5308,2015,127720,193145,320865,39.80490237,60.19509763,0,0
Washington,53,9,G5309,2015,205165,76317,281482,72.88743152,27.11256848,0,0
Washington,53,10,G5310,2015,170460,120104,290564,58.66521661,41.33478339,0,0
West Virginia,54,1,G5401,2015,73534,163469,237003,31.02661148,68.97338852,0,0
West Virginia,54,2,G5402,2015,101207,140807,242014,41.81865512,58.18134488,0,0
West Virginia,54,3,G5403,2015,49708,140741,207332,23.97507379,67.88194779,0,0
Wisconsin,55,1,G5501,2015,107003,230072,354245,30.20593092,64.9471411,0,0
Wisconsin,55,2,G5502,2015,273537,124044,398060,68.71753002,31.16213636,0,0
Wisconsin,55,3,G5503,2015,257401,0,260370,98.85969966,0,1,0
Wisconsin,55,4,G5504,2015,220181,0,286909,76.74245144,0,1,0
Wisconsin,55,5,G5505,2015,114477,260706,390844,29.28969103,66.70333944,0,0
Wisconsin,55,6,G5506,2015,133072,204147,357183,37.25597243,57.15473581,0,0
Wisconsin,55,7,G5507,2015,138643,223418,362271,38.27052124,61.67151111,0,0
Wisconsin,55,8,G5508,2015,135682,227892,363780,37.29781736,62.64555501,0,0
Wyoming,56,0,G5600,2015,75466,156176,258788,29.16132124,60.34901155,0,0
