G02180,64.89492417,-163.9702757
G02270,62.15424287,-163.3726401
G02013,55.3644882,-161.9939681
G02050,60.92186518,-159.7677577
G02188,67.06219967,-159.7054125
G15007,22.04040798,-159.5939358
G02070,59.8030272,-158.2110423
G15003,21.46821644,-158.0035534
G15005,21.17055701,-156.9475059
G02060,58.74213464,-156.7011083
G15009,20.85953687,-156.5646814
G02164,58.64769905,-156.1780983
G15001,19.59826465,-155.51826
G02150,57.67183484,-153.7941195
G02185,69.30695912,-153.4411195
G02122,60.2620589,-151.5711384
G02290,65.50932306,-151.3900795
G02068,63.67343926,-150.0088168
G02170,62.31653002,-149.5702421
G02020,61.15000611,-149.1095523
G02090,64.80858244,-146.5625237
G02261,61.57080096,-144.4572802
G02240,63.87695032,-143.2069812
G02282,59.89292686,-140.366983
G02100,59.12345089,-135.5058996
G02230,59.56178278,-135.3373836
G02105,58.18965016,-135.3194711
G02220,57.23495416,-135.2995608
G02110,58.45942083,-134.1760404
G02195,56.82212634,-133.2562385
G02198,55.50813877,-132.6907311
G02275,56.33165328,-132.0077678
G02130,55.59773493,-130.9287831
G41015,42.45755635,-124.1567612
G41011,43.17197749,-124.0577428
G53009,48.04898161,-123.9316964
G06015,41.74290443,-123.8971307
G06023,40.69877671,-123.8734199
G41041,44.64174862,-123.8672571
G53027,47.15101184,-123.7726077
G41057,45.46272836,-123.7090206
G53049,46.55651393,-123.7014722
G41007,45.98666278,-123.6571241
G53031,47.74804499,-123.5995576
G41033,42.36547422,-123.5554266
G41003,44.49181215,-123.4294897
G53069,46.29770653,-123.4265414
G41053,44.90344739,-123.4135449
G06045,39.44032826,-123.3913119
G41071,45.23251053,-123.3079045
G53045,47.35132864,-123.1990188
G41019,43.27909999,-123.1648154
G06105,40.65073991,-123.1124968
G41067,45.56002255,-123.0985811
G41009,45.94194658,-123.0866666
G53055,48.57665841,-122.9640412
G06097,38.52864432,-122.8876658
G41039,43.9386019,-122.8479688
G53067,46.91991581,-122.8303801
G06033,39.09962024,-122.7531162
G41029,42.43216628,-122.7285439
G06041,38.07184853,-122.7192017
G53015,46.19319254,-122.6808338
G53035,47.61178536,-122.6758097
G41047,44.90306267,-122.5854413
G53029,48.16254999,-122.5479711
G06093,41.59277228,-122.5403643
G41043,44.4883926,-122.5340256
G53011,45.77927121,-122.4824897
G06075,37.75452322,-122.4409042
G41051,45.54681058,-122.415378
G06021,39.59831741,-122.3924279
G53041,46.57769016,-122.3924149
G06055,38.50689211,-122.3306247
G06081,37.42227099,-122.3291681
G06011,39.17745773,-122.2366358
G06103,40.12583809,-122.2340332
G41005,45.18817284,-122.2208557
G53053,47.02319492,-122.1024151
G06089,40.76390523,-122.0403553
G06087,37.05620537,-122.0012352
G06013,37.91572278,-121.926566
G06095,38.28145604,-121.9254582
G53059,46.02279692,-121.9151511
G06113,38.68668535,-121.901911
G06001,37.64635439,-121.885859
G53033,47.4879821,-121.7976324
G53057,48.47922228,-121.7248581
G53073,48.8257332,-121.7164349
G53061,48.0472245,-121.6959466
G06085,37.23158416,-121.6947407
G06101,39.03439798,-121.6946497
G41027,45.51928165,-121.6511961
G41035,42.68626942,-121.6501194
G06007,39.66704601,-121.6007853
G06115,39.26918037,-121.3513545
G06067,38.45511604,-121.3379302
G06077,37.93450401,-121.2711214
G06053,36.21710757,-121.239022
G41017,43.91480962,-121.2279608
G41031,44.62944595,-121.1752812
G41065,45.16003795,-121.1681789
G06069,36.60571023,-121.0748741
G06099,37.5591343,-120.9976678
G06063,40.00462504,-120.8385712
G53039,45.87383367,-120.7890664
G06057,39.30111078,-120.7690353
G53077,46.45680018,-120.7385938
G06049,41.58978899,-120.7249355
G06061,39.06340806,-120.7175611
G06047,37.19189411,-120.7174323
G41055,45.40540766,-120.6894916
G53037,47.12416901,-120.6796082
G06005,38.44652793,-120.6511718
G53007,47.8692446,-120.6189126
G06035,40.67355657,-120.594403
G06009,38.20453688,-120.5542202
G06017,38.77878037,-120.5244804
G06091,39.58026049,-120.5164796
G06079,35.38704533,-120.4044221
G41037,42.79338338,-120.3875159
G41013,44.14218674,-120.3565572
G41021,45.37796895,-120.2109292
G41069,44.72602361,-120.0273207
G06083,34.67357336,-120.0167873
G06109,38.02763799,-119.9542897
G06043,37.58150433,-119.9055523
G06003,38.59717641,-119.8206035
G06031,36.07535381,-119.8155393
G06039,37.21802035,-119.7625898
G32510,39.1511894,-119.7476423
G53047,48.54882941,-119.7408997
G53017,47.73600198,-119.69171
G32031,40.6653594,-119.6642957
G06019,36.75816062,-119.6493332
G32005,38.91203351,-119.6162378
G41049,45.41878664,-119.5843298
G32029,39.4464743,-119.5294657
G53005,46.23973096,-119.5112699
G53025,47.20569209,-119.4516361
G32019,39.02047605,-119.1892171
G06111,34.4567163,-119.0834809
G41023,44.4911487,-119.0074183
G41025,43.0639146,-118.9678732
G53021,46.53478057,-118.8991413
G06051,37.93885598,-118.8864647
G06107,36.22012075,-118.8004583
G41059,45.59186797,-118.736939
G06029,35.34278276,-118.7298588
G53001,46.98341412,-118.5605718
G53019,48.46984935,-118.516643
G53071,46.22972595,-118.4785517
G32021,38.53876376,-118.4352104
G53043,47.57617777,-118.418749
G32027,40.4403324,-118.4044907
G32001,39.58083526,-118.335629
G06037,34.32274168,-118.2244257
G32013,41.40676211,-118.1119557
G41061,45.31025766,-118.0090362
G53013,46.2975923,-117.9078206
G53065,48.39928641,-117.855111
G06059,33.70329363,-117.7602965
G41001,44.70922494,-117.6752734
G32009,37.78464477,-117.6323238
G41045,43.19337798,-117.6230749
G53023,46.43161821,-117.5453221
G53075,46.90105082,-117.5231125
G06027,36.5110897,-117.4107949
G53063,47.62058674,-117.4040256
G53051,48.53220116,-117.2739572
G53003,46.19158007,-117.2030158
G41063,45.5798177,-117.1810797
G32015,39.93389537,-117.0377611
G16087,44.45240201,-116.7847178
G16075,44.00674611,-116.7608187
G16069,46.32686064,-116.7499941
G06073,33.03586372,-116.7329893
G16057,46.81601179,-116.7115857
G16027,43.62501858,-116.7091895
G16055,47.67448528,-116.6999482
G16009,47.21747189,-116.6588797
G16017,48.29973225,-116.6010714
G32023,38.04235589,-116.4719635
G16021,48.76697312,-116.4629435
G16003,44.88967426,-116.4536398
G16061,46.23679838,-116.4264939
G16045,44.06161741,-116.3971173
G32011,39.98385623,-116.2685886
G16001,43.45110951,-116.2410585
G06071,34.84135549,-116.1783886
G16073,42.5814957,-116.169992
G06065,33.74361545,-115.9937279
G16079,47.35170708,-115.8911937
G16015,43.98909905,-115.7300243
G16035,46.67372986,-115.6565654
G16085,44.76660115,-115.5660482
G16039,43.3536701,-115.4693746
G16049,45.84418778,-115.4672419
G30053,48.54258465,-115.4050038
G06025,33.03945696,-115.3653815
G32007,41.14578401,-115.357766
G30089,47.67481483,-115.1333818
G32003,36.21518258,-115.0135731
G30061,47.14745812,-114.9985328
G32033,39.44211709,-114.9016302
G32017,37.64330328,-114.8775931
G16047,42.97096889,-114.8114042
G16025,43.46320117,-114.8058651
G16083,42.35608082,-114.6672329
G16037,44.241453,-114.2816349
G16053,42.68991818,-114.2641071
G16063,43.00241335,-114.1383821
G30081,46.08174719,-114.1206928
G30047,47.64599566,-114.0891891
G30029,48.29518799,-114.0496749
G04012,33.72922387,-113.9812966
G16013,43.41242588,-113.9805131
G16059,44.94326621,-113.9330938
G30063,47.0363883,-113.9235767
G04027,32.76937475,-113.9056065
G04015,35.70402959,-113.7578215
G16067,42.85431426,-113.6375638
G16031,42.28387864,-113.6003427
G49053,37.28031385,-113.5049325
G30039,46.40437909,-113.4403359
G49021,37.85911592,-113.2893141
G49001,38.35766239,-113.2357677
G16023,43.72286115,-113.1720255
G49045,40.44872955,-113.1310758
G49027,39.07377095,-113.1004836
G49003,41.52099113,-113.0820181
G30023,46.06077722,-113.067891
G30035,48.70500234,-112.9945858
G30077,46.85674239,-112.9361945
G30001,45.1327775,-112.8989509
G16077,42.69374975,-112.8407082
G49023,39.70264996,-112.7846374
G30093,45.90231652,-112.6567423
G04025,34.59970598,-112.5538206
G16071,42.19496516,-112.5396122
G04013,33.34875312,-112.4912697
G16011,43.21643198,-112.3982031
G30049,47.12249944,-112.3904087
G16033,44.28391317,-112.3514028
G16051,43.820101,-112.3115034
G30099,47.83736748,-112.240703
G30073,48.22815295,-112.2261309
G16005,42.66831425,-112.2243819
G49031,38.33644122,-112.1269809
G49011,40.99061034,-112.1110032
G30043,46.14854256,-112.0938145
G49035,40.66748785,-111.9242036
G30057,45.3007279,-111.9203189
G49057,41.2698186,-111.9131905
G49025,37.28500836,-111.8878274
G16041,42.18118364,-111.8134565
G49041,38.74768581,-111.8047401
G04019,32.09734609,-111.7899895
G04005,35.83855848,-111.7704627
G49005,41.72231454,-111.7433949
G30101,48.65537459,-111.6953803
G49049,40.12002842,-111.6702418
G16065,43.78412374,-111.6596605
G16019,43.38770694,-111.614882
G49039,39.37395965,-111.5764216
G49029,41.08950916,-111.5728161
G16029,42.77069131,-111.5624311
G30007,46.33195011,-111.4956643
G16043,44.22885326,-111.4819375
G49017,37.85491139,-111.4431398
G30013,47.30804527,-111.3471124
G04021,32.90430216,-111.3446083
G16007,42.28495372,-111.3297192
G49033,41.63246241,-111.2443677
G16081,43.75929208,-111.2076348
G30031,45.54075977,-111.1703674
G49051,40.3303638,-111.1683692
G30051,48.56163351,-111.0245853
G49043,40.86818316,-110.9558124
G49055,38.32435422,-110.9038338
G30059,46.59820387,-110.885859
G04023,31.52598953,-110.8466169
G04007,33.79970613,-110.8116273
G49015,38.99657955,-110.7004739
G56023,42.26397304,-110.6559944
G56039,43.934799,-110.5897786
G49007,39.64811667,-110.5891454
G56041,41.2875158,-110.5476345
G30067,45.48835936,-110.5263349
G30015,47.88058709,-110.4351239
G49013,40.29745411,-110.4247879
G04017,35.39967722,-110.3214131
G30045,47.0455549,-110.2661993
G30041,48.62823942,-110.1113288
G30097,45.8137078,-109.9410531
G56035,42.76691276,-109.9148743
G04009,32.93279783,-109.8873829
G30107,46.466254,-109.8443152
G49037,37.62606878,-109.8045088
G04003,31.87957138,-109.7511495
G56029,44.52054114,-109.5885419
G49019,38.98185545,-109.5693799
G49047,40.12482456,-109.5184544
G49009,40.88713274,-109.5077355
G04001,35.395678,-109.4888505
G30095,45.66940923,-109.3947358
G04011,33.21544773,-109.2400735
G30027,47.26347109,-109.2243608
G30037,46.38125124,-109.1749057
G30009,45.2273845,-109.0284953
G30005,48.43263685,-108.9587123
G56037,41.65945316,-108.8794512
G35023,31.91417364,-108.7148168
G56013,43.04044977,-108.6304287
G08083,37.33835807,-108.5966955
G08033,37.75167285,-108.5168892
G08077,39.01826011,-108.4666769
G56017,43.71893527,-108.4420282
G08113,38.00377011,-108.4058445
G35003,33.91530808,-108.4046955
G30065,46.49651878,-108.3976096
G35017,32.73889452,-108.3823199
G35045,36.50840865,-108.3206715
G30111,45.93726465,-108.2741668
G08085,38.40209213,-108.2693057
G35031,35.58061299,-108.2619284
G30069,47.11757233,-108.2502475
G08103,39.97984552,-108.2172095
G08081,40.61839496,-108.207291
G35006,34.91253805,-107.9998183
G56003,44.52676527,-107.9952719
G30071,48.25906325,-107.9132528
G08045,39.59928537,-107.9039654
G02016,52.80970608,-107.8936426
G08029,38.86149669,-107.8629003
G08067,37.28655793,-107.8432541
G08091,38.15534679,-107.7695003
G35029,32.18215922,-107.7497437
G56043,43.9049167,-107.6827465
G08111,37.76399253,-107.6759732
G30003,45.42339157,-107.4897723
G08053,37.82139418,-107.3003124
G30103,46.21145774,-107.2715724
G35051,33.13044595,-107.192538
G08007,37.19355408,-107.0483264
G08051,38.66668962,-107.0317558
G30033,47.27754999,-106.9927491
G08107,40.48503434,-106.9911588
G56007,41.69450067,-106.9306312
G35053,34.00723289,-106.9303296
G08079,37.66893532,-106.9240969
G08097,39.2171953,-106.9167623
G56033,44.78998419,-106.8795081
G35043,35.68856069,-106.8658695
G35013,32.35269076,-106.8328203
G35061,34.7154879,-106.8091378
G56025,42.96220091,-106.798461
G30087,46.22969284,-106.7307509
G08037,39.62778227,-106.6954059
G35039,36.50958871,-106.6931899
G35001,35.05129761,-106.6701886
G30105,48.36523168,-106.6676008
G56019,44.03877346,-106.5846993
G08105,37.58248667,-106.3832015
G08065,39.20226935,-106.3449545
G08057,40.66644838,-106.3427522
G35028,35.86951799,-106.306712
G08109,38.08062456,-106.2814547
G48141,31.76876004,-106.2352058
G08015,38.74709546,-106.1940913
G08021,37.20059611,-106.1917353
G08049,40.10261907,-106.1183836
G08117,39.63413856,-106.1164097
G35049,35.50692596,-105.976055
G35057,34.64045384,-105.8507697
G30055,47.64519949,-105.7952953
G08003,37.57291016,-105.788179
G35035,32.61311472,-105.7416766
G56001,41.65457104,-105.7239195
G08093,39.11934102,-105.7170923
G08019,39.68909332,-105.6442619
G35055,36.57822514,-105.6309067
G30075,45.39501119,-105.6300793
G30017,46.25267447,-105.5717992
G30019,48.78373867,-105.548598
G56005,44.2483914,-105.5483167
G08047,39.85773209,-105.5225601
G56009,42.97226128,-105.507055
G08069,40.66642269,-105.4612253
G35027,33.74519255,-105.459239
G08043,38.47300588,-105.4393841
G08023,37.27787158,-105.4284008
G48229,31.45628443,-105.3864879
G30079,46.86043234,-105.3779062
G08027,38.10870165,-105.3675449
G08013,40.09241635,-105.357569
G08059,39.58664218,-105.2502751
G08119,38.8822785,-105.161833
G08014,39.95502791,-105.0528765
G30085,48.294655,-105.0166943
G56031,42.13305177,-104.9657824
G08055,37.68484849,-104.9607682
G35033,36.00979809,-104.9445704
G08035,39.32965795,-104.9295663
G30021,47.26643587,-104.8995628
G08031,39.76154486,-104.8762826
G35047,35.48023594,-104.8157564
G35019,34.86330181,-104.7906684
G56021,41.30700734,-104.6897062
G35007,36.60606643,-104.6468105
G56011,44.58855088,-104.5698724
G56045,43.84044765,-104.5678462
G30083,47.7880273,-104.5615578
G30011,45.51674431,-104.536163
G08041,38.83206493,-104.525617
G48109,31.44709511,-104.5173839
G08101,38.17335615,-104.5128459
G30091,48.72112944,-104.5047286
G56027,43.05656764,-104.4753295
G35005,33.3631482,-104.4669871
G30025,46.33398408,-104.4174114
G35011,34.34237824,-104.4119507
G08123,40.55479661,-104.3925267
G56015,42.08791936,-104.3532224
G08005,39.64968261,-104.3387633
G08001,39.87362752,-104.3387197
G35015,32.47139991,-104.3043088
G30109,46.96510197,-104.2490684
G48377,29.99976801,-104.2404928
G48243,30.71542709,-104.1400306
G08039,39.28655551,-104.1359307
G08071,37.31580642,-104.0388056
G38033,46.94027941,-103.8466973
G35021,35.85805208,-103.81996
G08087,40.26269741,-103.8098305
G46081,44.35849728,-103.7922114
G08025,38.32669154,-103.7848386
G31165,42.48764854,-103.7588574
G08089,37.90269208,-103.7164347
G31105,41.19760032,-103.7149227
G31007,41.54593658,-103.71054
G31157,41.85048149,-103.7079234
G48389,31.32323881,-103.693108
G48301,31.84931276,-103.5797943
G35037,35.10433719,-103.5497014
G46047,43.23936314,-103.5276578
G38011,46.11256841,-103.5207115
G08073,38.98801291,-103.5139958
G46019,44.90576597,-103.5080755
G46063,45.58032864,-103.4957253
G38023,48.81483468,-103.4873302
G35041,34.0212305,-103.4802247
G38105,48.34376672,-103.4801266
G35059,36.48172941,-103.4710077
G38087,46.44721328,-103.4598278
G46033,43.67761819,-103.4512661
G35025,32.79222168,-103.4124502
G38053,47.74016035,-103.3954349
G38007,47.02334178,-103.3764089
G35009,34.57415178,-103.3468517
G48043,29.81196319,-103.2517676
G08121,39.97097315,-103.2012048
G31045,42.71969762,-103.1354584
G08075,40.72462564,-103.1101495
G48475,31.50939397,-103.1022467
G31013,42.2197461,-103.0856388
G08011,37.95513635,-103.0717184
G48495,31.84997683,-103.048178
G31123,41.71595267,-103.0105779
G31033,41.21974496,-102.9949913
G48017,34.06855264,-102.8299107
G48079,33.60411912,-102.8284709
G48501,33.1729167,-102.8277999
G46103,44.00382112,-102.8240197
G48369,34.53005778,-102.7845109
G08061,38.43261125,-102.7402921
G48371,30.78099669,-102.7234317
G46093,44.56672557,-102.7169034
G38089,46.81064722,-102.6550775
G48003,32.30499028,-102.6378558
G48165,32.74071219,-102.6352148
G38025,47.35670853,-102.6183177
G48117,34.96599693,-102.6049404
G08017,38.82789756,-102.6034451
G48205,35.83997137,-102.6028961
G08063,39.30542298,-102.6028935
G48359,35.40498628,-102.6028879
G48111,36.27788632,-102.6023268
G08009,37.31912673,-102.5604519
G46113,43.3355323,-102.5516528
G48135,31.8691525,-102.5428008
G38001,46.09677371,-102.5286172
G38013,48.79097058,-102.5182129
G40025,36.74825534,-102.5177049
G48103,31.42858108,-102.5155147
G46105,45.4904764,-102.4756135
G38041,46.43241622,-102.4602946
G08125,40.00287251,-102.424162
G31161,42.50473289,-102.4089826
G08099,37.95511253,-102.3933259
G08095,40.59387322,-102.3576257
G38061,48.20133477,-102.3556773
G08115,40.87588053,-102.3517894
G48279,34.06861094,-102.3517234
G48219,33.6076899,-102.3432057
G31069,41.61935528,-102.335427
G48445,33.17381445,-102.3352168
G31049,41.11157023,-102.3339268
G48069,34.52997108,-102.2616644
G48443,30.2247598,-102.0764376
G48461,31.36868796,-102.0430319
G48329,31.86910622,-102.031649
G48317,32.30597577,-101.9512493
G48115,32.74246983,-101.9476927
G48381,34.96584145,-101.8969873
G48375,35.40118622,-101.8940211
G48421,36.27763145,-101.8935335
G48341,35.83763304,-101.8929898
G38057,47.30914256,-101.8315295
G48189,34.07047757,-101.8269065
G48303,33.61020513,-101.8205287
G48305,33.17676106,-101.8161979
G20071,38.48052967,-101.8060098
G20129,37.19136758,-101.7991451
G20075,37.99911279,-101.7912158
G20187,37.5630356,-101.7841919
G20199,38.91664005,-101.7636085
G31075,41.91500437,-101.7405188
G48437,34.53033151,-101.7350515
G20023,39.78582568,-101.7310878
G20181,39.351395,-101.7199437
G31029,40.52414641,-101.6980583
G31005,41.5688932,-101.6958853
G31057,40.17620027,-101.6880297
G46137,44.98030523,-101.6658069
G46007,43.19483416,-101.6638981
G31101,41.19876918,-101.6613873
G38075,48.71901331,-101.6577743
G31135,40.85087877,-101.6496935
G38037,46.35866761,-101.6396783
G46071,43.69415291,-101.6283564
G38101,48.22172076,-101.5418344
G46055,44.29432945,-101.5400924
G48383,31.36614663,-101.5230494
G48173,31.86941949,-101.5207927
G40139,36.74790267,-101.4900408
G48227,32.30618325,-101.435482
G48033,32.74367745,-101.4317837
G48105,30.72297788,-101.4120157
G48011,34.9649394,-101.3574351
G48233,35.83998177,-101.3547201
G48195,36.27744765,-101.3545451
G48065,35.403483,-101.3542415
G20203,38.48203095,-101.3473641
G38065,47.11518398,-101.3402989
G38055,47.60693031,-101.3219765
G20093,38.00016312,-101.3198172
G20189,37.19232182,-101.3119552
G20067,37.56215908,-101.3079666
G48153,34.07240376,-101.303243
G48107,33.61457062,-101.2999391
G48169,33.17986021,-101.2984548
G38059,46.7160747,-101.2810626
G48045,34.53032456,-101.2086605
G46031,45.70854055,-101.1968422
G48465,29.89300923,-101.1517224
G20109,38.91727462,-101.1483506
G31091,41.9159726,-101.135339
G31031,42.54486547,-101.1185795
G20153,39.78519284,-101.0756927
G31085,40.52478936,-101.0619397
G31117,41.56809479,-101.0605252
G20193,39.35089545,-101.0555876
G48431,31.82782567,-101.0500495
G31087,40.17632988,-101.0422235
G38085,46.11244114,-101.0415022
G48235,31.30392174,-100.9824028
G48335,32.30610619,-100.9211947
G48415,32.74623491,-100.9164679
G20171,38.48214634,-100.9068503
G46041,45.15641758,-100.8718264
G20081,37.56221161,-100.8711821
G20175,37.19326709,-100.8512513
G38009,48.79211271,-100.8333284
G48357,36.27838826,-100.8156525
G48129,34.96534876,-100.8140201
G48393,35.83848669,-100.8134941
G48179,35.40113978,-100.812496
G48345,34.0740862,-100.7798065
G48125,33.61655987,-100.7788721
G48263,33.18136149,-100.7776235
G46095,43.58114271,-100.7600461
G31111,41.04775517,-100.7453192
G20055,38.04427051,-100.73693
G46117,44.41207764,-100.7358849
G46121,43.19330462,-100.7184096
G46075,43.96039018,-100.6897673
G48191,34.53075466,-100.6811319
G38049,48.23450923,-100.6362589
G31171,41.9134706,-100.5557731
G48413,30.89745439,-100.5385298
G48435,30.49826418,-100.5381695
G48081,31.88850919,-100.5299117
G31113,41.56648103,-100.48286
G20063,38.91610227,-100.4828539
G31145,40.17580149,-100.4768295
G40007,36.74962663,-100.4767717
G38015,46.97742748,-100.4686115
G20101,38.48126969,-100.4664225
G48451,31.40442015,-100.4620411
G20039,39.78473084,-100.4599636
G20179,39.35040976,-100.4418176
G20069,37.7381439,-100.437876
G48271,29.35016982,-100.4180275
G48353,32.30352963,-100.406059
G48151,32.7428458,-100.4021507
G31063,40.53006544,-100.3940834
G20119,37.2381062,-100.3662065
G38083,47.57540985,-100.3455995
G48323,28.74267119,-100.3145206
G48137,29.98258138,-100.30472
G48101,34.0775737,-100.278806
G48295,36.27764065,-100.2731267
G48211,35.83751781,-100.270514
G48087,34.96487279,-100.2701025
G48483,35.40122301,-100.2696555
G48269,33.61640395,-100.2558228
G48433,33.17908931,-100.2533891
G38029,46.28495668,-100.2387408
G48075,34.52919934,-100.2075411
G46119,44.71557046,-100.1320832
G46021,45.77107475,-100.0515097
G46129,45.42991741,-100.0315311
G46065,44.38919127,-99.99619693
G31009,41.91269426,-99.97690327
G48399,31.83108669,-99.97621552
G38069,48.24954541,-99.97176215
G46107,45.06453198,-99.95709942
G31017,42.43004472,-99.92948544
G20135,38.47937577,-99.9162049
G31065,40.17638582,-99.91228638
G20137,39.78431124,-99.90353607
G20083,38.08744003,-99.89797002
G48441,32.30144608,-99.89004634
G20057,37.69169402,-99.88798777
G46123,43.34589261,-99.88408337
G20065,39.34969171,-99.88320506
G48253,32.73986028,-99.87864196
G20195,38.9143025,-99.87272329
G48095,31.32659576,-99.86384378
G46085,43.89596527,-99.84735401
G40057,34.74414797,-99.84627716
G38079,48.77240518,-99.84096221
G31073,40.51484254,-99.83071109
G48385,29.83172402,-99.82213361
G48327,30.88976994,-99.82067143
G20025,37.23551751,-99.82032014
G31047,40.87000143,-99.81970571
G38043,46.98009353,-99.78004637
G48155,33.97491367,-99.77786859
G48463,29.35725921,-99.76218921
G48507,28.8661882,-99.76065526
G48127,28.42257005,-99.75671243
G40045,36.21821154,-99.7545459
G48267,30.48673018,-99.74869185
G48197,34.2903139,-99.74579987
G48275,33.60643968,-99.74150924
G48207,33.17822529,-99.73032565
G31041,41.39427279,-99.72611302
G31103,42.87881335,-99.71232346
G40129,35.6881688,-99.69570096
G40009,35.26878589,-99.68202052
G40059,36.78872111,-99.66737807
G38103,47.58747748,-99.66093509
G40055,34.93578361,-99.56027807
G46069,44.54729032,-99.48706593
G38047,46.4572738,-99.47754711
G31115,41.91386738,-99.4544443
G48083,31.77347561,-99.45358151
G31149,42.42129267,-99.44983834
G38051,46.11172166,-99.44117017
G40065,34.5880799,-99.41541233
G31137,40.51105736,-99.41471583
G31083,40.17640078,-99.40463364
G48059,32.29762518,-99.37347694
G38005,48.06936607,-99.36617732
G48417,32.73595845,-99.35400649
G48265,30.06148084,-99.35012537
G48307,31.19912462,-99.34748005
G20147,39.78446141,-99.34699227
G48479,27.76105089,-99.33156235
G20163,39.35013625,-99.32501168
G20051,38.91473105,-99.3172309
G20047,37.88765567,-99.31215158
G20165,38.52311002,-99.30920734
G20097,37.55822859,-99.28606589
G20033,37.19122121,-99.27191554
G40153,36.42263523,-99.26487544
G48019,29.74716466,-99.24643358
G38095,48.68561089,-99.2457193
G48487,34.08084249,-99.24095307
G20145,38.18133808,-99.23673535
G48319,30.71773184,-99.22615325
G46089,45.76629364,-99.22138741
G46045,45.41872571,-99.21527448
G48023,33.61640571,-99.21350943
G48447,33.17749839,-99.2123685
G46017,44.07635832,-99.20489557
G46053,43.19234381,-99.18569834
G48505,27.00072636,-99.16861903
G46049,45.07095839,-99.14521639
G48325,29.35572668,-99.11004298
G48163,28.86782415,-99.10828286
G48283,28.34506089,-99.09968322
G46015,43.71807002,-99.0809769
G31019,40.85509758,-99.07502623
G40043,35.98768247,-99.00794487
G46059,44.54775391,-99.00488668
G40039,35.63885605,-99.00144637
G48049,31.7743791,-98.99983561
G40149,35.29051934,-98.99247711
G31071,41.91429853,-98.99142328
G31175,41.56723361,-98.98198691
G40075,34.91642265,-98.98019088
G31163,41.22047425,-98.97619566
G38093,46.97920461,-98.95886455
G31061,40.17636697,-98.95273502
G31099,40.50671592,-98.9479492
G48171,30.31806067,-98.94633526
G40141,34.37305427,-98.92448782
G38027,47.71753906,-98.90175676
G38031,47.45701513,-98.88303118
G40151,36.76696854,-98.8651682
G48429,32.73578906,-98.8361802
G48133,32.32704176,-98.83233412
G48411,31.15536006,-98.81800313
G20183,39.7852022,-98.785456
G31089,42.45556463,-98.78374659
G20141,39.35033965,-98.76794102
G31015,42.89962532,-98.76703429
G20167,38.91472222,-98.76241147
G20009,38.47896011,-98.75647715
G20151,37.64772024,-98.73961994
G48427,26.56219675,-98.73842036
G38071,48.26886438,-98.72015082
G20185,38.03098624,-98.71746532
G48259,29.94460856,-98.71157353
G48485,33.98795977,-98.7037008
G48247,27.0434122,-98.69728208
G48503,33.17658619,-98.68774958
G48009,33.61522411,-98.68766255
G20007,37.2288543,-98.68482204
G48299,30.70564975,-98.68412204
G46073,44.06632804,-98.62964103
G48333,31.49521924,-98.59521512
G46023,43.20783974,-98.58790974
G48311,28.35264137,-98.56786006
G46003,43.71800983,-98.56156587
G48093,31.94795192,-98.5583042
G40093,36.31165667,-98.53596766
G38045,46.4568999,-98.53558589
G31183,41.91476237,-98.52817923
G48013,28.89352883,-98.52717262
G31077,41.5674125,-98.5212919
G48029,29.44908694,-98.5197462
G31093,41.21997815,-98.51714268
G48131,27.68130811,-98.50892714
G38021,46.11010229,-98.50463352
G31079,40.87250742,-98.50212341
G31001,40.52444728,-98.50119665
G31181,40.17642154,-98.49992964
G40031,34.66205246,-98.47166478
G38019,48.77225547,-98.46481055
G40011,35.87526004,-98.43343114
G48031,30.26629818,-98.3997695
G40015,35.17427106,-98.37519893
G40033,34.29021431,-98.37227894
G46043,43.38693629,-98.36605163
G46013,45.5896722,-98.35159927
G46115,44.93798357,-98.34618385
G40003,36.73101858,-98.32398625
G48363,32.75313011,-98.31305067
G48091,29.80833767,-98.27817038
G46005,44.41445175,-98.27806439
G48281,31.19610645,-98.24167484
G38039,47.45723342,-98.23707356
G48047,27.03147676,-98.21859675
G20089,39.78466422,-98.21832897
G48143,32.23623629,-98.21790873
G20123,39.39317483,-98.20930436
G48077,33.78550924,-98.20861648
G20105,39.04523026,-98.20782741
G20053,38.69653287,-98.20480085
G20159,38.34712545,-98.20096321
G38063,47.92159607,-98.19210588
G48053,30.7883217,-98.18244547
G48215,26.39662512,-98.18100372
G48237,33.23342346,-98.17249171
G46035,43.67465157,-98.1459469
G20095,37.55887847,-98.13633663
G48297,28.3514331,-98.12483404
G48193,31.70468977,-98.11070356
G46111,44.02334505,-98.09138098
G48249,27.73120996,-98.09001487
G48493,29.17397881,-98.08660912
G20155,37.95299898,-98.08610139
G20077,37.191541,-98.07547065
G38003,46.93610632,-98.07162114
G31011,41.70675155,-98.0671569
G31003,42.17681105,-98.06666502
G31035,40.52444733,-98.05132738
G31129,40.17637436,-98.04718762
G31121,41.16970324,-98.03775541
G48209,30.0581123,-98.03109761
G31081,40.87357474,-98.02314719
G31125,41.39732373,-97.99228525
G40017,35.54252465,-97.98248726
G48187,29.58350782,-97.94834321
G40073,35.94536737,-97.94209135
G31107,42.63672956,-97.89195696
G46009,42.98842255,-97.88467596
G40051,35.01711879,-97.88413367
G48255,28.90577004,-97.85935773
G40137,34.48558369,-97.85149108
G40067,34.11110105,-97.83586615
G48221,32.42994737,-97.83213376
G48367,32.77755821,-97.80520745
G48099,31.39092591,-97.79919674
G46061,43.67469867,-97.78727564
G40053,36.79606393,-97.78605804
G40047,36.37900848,-97.78272538
G48453,30.33464739,-97.78173334
G48425,32.22227323,-97.77434353
G46067,43.33482606,-97.75442809
G48025,28.41736808,-97.74112724
G48273,27.43330551,-97.73183963
G46025,44.85822574,-97.72940432
G38091,47.45611791,-97.72465656
G48337,33.67569967,-97.72462362
G38099,48.36927547,-97.72182934
G48261,26.92845066,-97.72003222
G48489,26.47056651,-97.67667278
G38073,46.45613486,-97.65748156
G48497,33.21583392,-97.65449595
G20157,39.82778414,-97.65059554
G20143,39.13242349,-97.65020352
G20169,38.78375105,-97.6499636
G20029,39.48020017,-97.64927111
G20113,38.39169727,-97.64803771
G48035,31.90036282,-97.6343108
G38081,46.10788613,-97.63066755
G48355,27.72394699,-97.62976061
G48055,29.83716327,-97.61948582
G46097,44.02190743,-97.61023156
G46037,45.36712202,-97.60746006
G31139,42.26431825,-97.60133417
G48491,30.64805783,-97.60080561
G31119,41.91665618,-97.60072287
G46091,45.75864565,-97.59853423
G31185,40.87271495,-97.5970916
G31059,40.52461145,-97.59650514
G31169,40.17626196,-97.59495711
G31143,41.18698659,-97.56829081
G38067,48.76738423,-97.55194965
G48061,26.12808365,-97.53512467
G31141,41.57128674,-97.52104712
G48409,28.00974118,-97.51833591
G48177,29.45674261,-97.49253938
G46077,44.36953882,-97.49145833
G48027,31.0377166,-97.47826523
G20191,37.23725106,-97.47656001
G20173,37.68477232,-97.46090951
G38035,47.92173769,-97.45676516
G40087,35.00902885,-97.44411101
G40083,35.91930763,-97.44331987
G20079,38.04324487,-97.42722828
G48175,28.65727042,-97.42647426
G40109,35.55149717,-97.40717425
G46135,43.00897313,-97.39459547
G46087,43.67430994,-97.36839725
G48251,32.37898651,-97.3664067
G48123,29.0821295,-97.35674186
G40027,35.20310519,-97.32660069
G48021,30.10352257,-97.31192932
G40049,34.70450041,-97.30931397
G48439,32.77155274,-97.29130028
G40019,34.25086786,-97.28573065
G31027,42.59925462,-97.25248338
G38017,46.93305046,-97.24787846
G40085,33.94991283,-97.2441921
G40103,36.38858759,-97.23047781
G48097,33.63898837,-97.21261503
G48309,31.55240019,-97.20176712
G31167,41.91694168,-97.1939328
G46029,44.97787156,-97.18856263
G46057,44.67375798,-97.18836051
G48391,28.32722988,-97.16565073
G20027,39.34968418,-97.16519919
G38097,47.45405033,-97.16143801
G20041,38.86649053,-97.15263735
G46125,43.31092853,-97.14873036
G40071,36.81794818,-97.14397123
G31095,40.17581823,-97.14266382
G31151,40.52410999,-97.1409578
G31159,40.87238887,-97.13949549
G48217,31.990684,-97.13230682
G31023,41.22598304,-97.13178433
G46079,44.02204317,-97.12937483
G31179,42.20926046,-97.11926035
G48121,33.20526231,-97.11697631
G20115,38.35890784,-97.09691195
G20201,39.78420509,-97.08757567
G31037,41.57391323,-97.08646051
G40099,34.4823863,-97.06789526
G48007,28.14190213,-96.99867517
G48331,30.78627064,-96.97715313
G40119,36.07730343,-96.97573583
G46027,42.9147177,-96.97562354
G48469,28.7967944,-96.97154929
G48287,30.31069789,-96.96600558
G40125,35.20665937,-96.94840957
G38077,46.26461646,-96.94820383
G46109,45.62970897,-96.94614477
G48145,31.25333101,-96.93587577
G48285,29.38435762,-96.93021033
G48149,29.87677714,-96.91977531
G40081,35.70300055,-96.88095357
G31051,42.49319209,-96.86782263
G20015,37.78129156,-96.83899613
G20035,37.23766373,-96.83747289
G48139,32.34849145,-96.79456681
G46099,43.67416722,-96.79139
G46011,44.36968124,-96.79041003
G31039,41.91638557,-96.78740582
G27069,48.77673,-96.78286509
G48113,32.76663232,-96.77789245
G40095,34.02413317,-96.76930891
G46051,45.17195873,-96.76768957
G20061,39.00245387,-96.75243298
G20161,39.29667581,-96.73552233
G46083,43.27889412,-96.7217625
G40117,36.3169197,-96.69945108
G31067,40.26192932,-96.68945189
G31109,40.78413476,-96.68776337
G40123,34.72788252,-96.6844848
G48181,33.62671039,-96.67771128
G46101,44.02196345,-96.67090085
G46039,44.76007363,-96.66800829
G40069,34.31627758,-96.66067441
G46127,42.83208567,-96.6559059
G31053,41.57792976,-96.65393081
G20127,38.68741644,-96.64979357
G48057,28.4891561,-96.64862915
G31155,41.22644962,-96.63747356
G48051,30.4921824,-96.62162129
G40133,35.16744405,-96.61561321
G20017,38.30201139,-96.59387037
G48293,31.5453682,-96.58047241
G48239,28.95545951,-96.57860399
G48085,33.18791851,-96.57241518
G31043,42.39108665,-96.56459346
G31173,42.15814672,-96.54400336
G48089,29.62072648,-96.52639666
G20117,39.78362079,-96.52296452
G48395,31.02692856,-96.51285549
G27027,46.89222695,-96.49055771
G48349,32.04686496,-96.47259276
G27155,45.77213977,-96.47157982
G27167,46.35719589,-96.46829207
G27107,47.32662372,-96.45492878
G27011,45.42602329,-96.41087009
G48397,32.89781795,-96.40778361
G48477,30.2143868,-96.40440377
G27119,47.77389418,-96.40148669
G40113,36.62918994,-96.398329
G40037,35.90267296,-96.37089838
G27089,48.35819186,-96.36911271
G20149,39.37877514,-96.34235913
G31021,41.85154292,-96.32863919
G40107,35.46540188,-96.32300664
G48041,30.65998504,-96.30229595
G40029,34.58821314,-96.29775976
G48257,32.59934675,-96.28771359
G48015,29.88736596,-96.27806795
G27081,44.41256497,-96.26711366
G31097,40.39257256,-96.26502837
G40013,33.96225997,-96.25925581
G27117,44.02301123,-96.25865115
G27133,43.67464042,-96.25321874
G40063,35.04828337,-96.25027643
G20019,37.15003669,-96.24529645
G20049,37.45372023,-96.24411836
G31133,40.1315582,-96.23707073
G20073,37.87777064,-96.2325931
G48481,29.27780271,-96.22223797
G31177,41.53106774,-96.22210398
G19149,42.73777625,-96.21361549
G19119,43.38050089,-96.21004856
G20197,38.95291428,-96.20528712
G19167,43.08259117,-96.17776853
G27073,44.99539919,-96.17337998
G31055,41.29529351,-96.15401786
G20111,38.45614255,-96.15258377
G48161,31.7044666,-96.14928716
G31025,40.90970671,-96.14092301
G31131,40.64837813,-96.13490435
G31153,41.1129351,-96.11200434
G48147,33.59363123,-96.10691787
G27125,47.87167998,-96.09528362
G48231,33.12351441,-96.08548045
G19193,42.38962628,-96.04475523
G40005,34.37367455,-96.03787041
G27113,48.06627425,-96.03685261
G20131,39.78345892,-96.01411103
G27051,45.93401413,-96.01217993
G27149,45.58607321,-96.00028965
G48289,31.29662231,-95.99571161
G48473,30.01077856,-95.98760743
G48321,28.86621035,-95.98620755
G48185,30.54329564,-95.98538167
G40111,35.64659795,-95.96427301
G19133,42.05167237,-95.95986424
G40143,36.12105738,-95.94148658
G48313,30.96551847,-95.92823263
G40147,36.715202,-95.90435612
G27173,44.71624449,-95.86833067
G48213,32.21193248,-95.85378929
G31127,40.38755196,-95.84997914
G27083,44.41349892,-95.83894915
G48467,32.56356899,-95.83656093
G19085,41.68279459,-95.81686545
G27135,48.77505288,-95.81092535
G27087,47.32518198,-95.80899893
G20085,39.41675781,-95.79371101
G48379,32.87021093,-95.79342657
G48157,29.52745564,-95.77119229
G27101,44.0220968,-95.76326344
G20177,39.04160076,-95.75689038
G27105,43.67421836,-95.7533392
G40121,34.92389132,-95.74833165
G20205,37.55923114,-95.74334655
G20125,37.19249185,-95.74291123
G20207,37.88669632,-95.74020096
G20031,38.23679323,-95.73412567
G20139,38.65225218,-95.72690658
G31147,40.12498049,-95.71765415
G27111,46.40870485,-95.70798796
G27151,45.28262531,-95.68153381
G27005,46.93453469,-95.67390608
G48119,33.38638277,-95.67185011
G40091,35.37370752,-95.66690779
G48001,31.81354132,-95.65330298
G19141,43.08378045,-95.62485841
G19035,42.73564174,-95.6238061
G19143,43.37859206,-95.62372052
G19129,41.03332728,-95.62115027
G40105,36.79842725,-95.61746685
G19071,40.74541151,-95.60497981
G40131,36.37169927,-95.60433597
G48471,30.7389447,-95.57217686
G48277,33.66715344,-95.57103132
G27023,45.02236036,-95.56654013
G20013,39.826466,-95.56422204
G48223,33.1494548,-95.5639901
G40023,34.02658433,-95.55202476
G19155,41.33656267,-95.54218953
G40145,35.96119423,-95.52126485
G19093,42.38695313,-95.51353733
G48339,30.30031663,-95.50307818
G48039,29.19067518,-95.45496423
G27041,45.93366026,-95.45362571
G27121,45.58595977,-95.4444278
G29005,40.43081399,-95.42812191
G48225,31.31776228,-95.42268284
G48201,29.858368,-95.39548417
G20087,39.23577198,-95.38341365
G48499,32.78620309,-95.38225229
G19047,42.0372104,-95.38208709
G40101,35.6160457,-95.37948949
G27029,47.57764245,-95.37894858
G40127,34.41615167,-95.37588407
G20005,39.53168259,-95.31345922
G19165,41.68507448,-95.31016514
G20133,37.55846947,-95.30678563
G20001,37.88574385,-95.30147437
G20099,37.19128428,-95.29764963
G20003,38.21420361,-95.29331781
G20045,38.88458118,-95.29255299
G20059,38.56445442,-95.28600025
G48423,32.37487326,-95.2691973
G27127,44.40367342,-95.2537134
G40077,34.87604939,-95.25036705
G40097,36.30192643,-95.23085084
G48159,33.17538732,-95.21837259
G29087,40.09461701,-95.21555303
G40035,36.76176835,-95.20851523
G27033,44.00703906,-95.18113926
G48407,30.57926181,-95.16699628
G48073,31.83695352,-95.16533511
G19137,41.03017684,-95.15635086
G27063,43.67416236,-95.1540153
G19021,42.73542789,-95.15111336
G19041,43.08249049,-95.1509363
G19059,43.3779894,-95.15078732
G19145,40.73915434,-95.1502246
G20043,39.788142,-95.14718407
G48455,31.08867421,-95.13564145
G40061,35.22483049,-95.11632584
G19161,42.38621259,-95.10545162
G48387,33.62072714,-95.05048781
G20103,39.19956592,-95.03796644
G27067,45.1523883,-95.0046978
G40021,35.90662285,-94.99964133
G48063,32.97330615,-94.97844736
G27159,46.58598139,-94.96952494
G48449,33.21664871,-94.96564902
G48167,29.39698843,-94.96535385
G27129,44.72683099,-94.94713672
G48459,32.73615844,-94.94138159
G27007,47.97378575,-94.93764968
G19029,41.33148329,-94.92766864
G27057,47.10861236,-94.91663574
G19009,41.68454029,-94.90582473
G27077,48.77050212,-94.9051521
G27153,46.07062004,-94.89765083
G29147,40.36073552,-94.88351396
G19027,42.03621985,-94.86051382
G20037,37.50724667,-94.85182188
G20011,37.85511926,-94.84927789
G20021,37.16927213,-94.84627338
G20107,38.21219645,-94.8429368
G20121,38.56351309,-94.83805385
G48373,30.7924787,-94.83016611
G20091,38.8837969,-94.82242709
G48183,32.48044313,-94.81702
G48291,30.15156748,-94.81226949
G40115,36.83548624,-94.81036209
G29021,39.65991559,-94.80608307
G40041,36.40816761,-94.80261776
G29003,39.983451,-94.8019439
G29165,39.38053145,-94.77347851
G40089,34.11489219,-94.77128775
G20209,39.11458911,-94.76446163
G48401,32.10759492,-94.76191363
G40135,35.49537621,-94.7551214
G48343,33.11390014,-94.73270734
G27015,44.24231449,-94.72728089
G40079,34.90013574,-94.70343243
G19003,41.02901967,-94.69919965
G19173,40.73748215,-94.69644131
G19151,42.73415256,-94.67868507
G19063,43.37799296,-94.6784864
G19147,43.08207454,-94.67807062
G40001,35.8839142,-94.65868511
G19025,42.38513286,-94.64041089
G48347,31.61602781,-94.6157732
G27165,43.97841491,-94.61409238
G27145,45.55208223,-94.61290131
G48005,31.25464518,-94.61177735
G48071,29.73901409,-94.60784146
G27091,43.6743367,-94.55108689
G27093,45.12307682,-94.52728306
G19077,41.6837205,-94.5010616
G19001,41.33066867,-94.47085235
G48037,33.44514553,-94.42309528
G29227,40.47911614,-94.42216043
G29047,39.31046504,-94.42096318
G29075,40.21208983,-94.4099069
G29063,39.89314391,-94.40474635
G29049,39.6017515,-94.40456958
G19073,42.0361708,-94.39677913
G48199,30.33252762,-94.39020143
G48457,30.77096224,-94.3763
G48203,32.54814776,-94.37139917
G48315,32.79806662,-94.35720385
G29037,38.64722889,-94.35495423
G29119,36.62860205,-94.34853178
G29011,37.50230079,-94.3470905
G29095,39.00851603,-94.34610781
G48067,33.07764245,-94.34354386
G29217,37.85049337,-94.34234697
G29097,37.20355058,-94.34058556
G29013,38.25735848,-94.33990688
G29145,36.90549533,-94.33918788
G27021,46.94942343,-94.32544734
G48365,32.16234834,-94.30564545
G05131,35.19904643,-94.27394032
G27085,44.82353347,-94.27237917
G27097,46.0126101,-94.26839912
G05007,36.33868345,-94.25635154
G27103,44.34947214,-94.24602416
G19159,40.73515516,-94.24401979
G05033,35.58884338,-94.24322022
G19175,41.02770573,-94.24238566
G05133,33.99713063,-94.24089763
G05081,33.70064655,-94.23467096
G27143,44.57946789,-94.23238771
G05113,34.48571668,-94.22814843
G05143,35.9790381,-94.21556501
G19091,42.77650559,-94.20718005
G19109,43.20412768,-94.206696
G19187,42.42794735,-94.1816844
G48245,29.88427187,-94.17203901
G48405,31.39435598,-94.16822748
G48419,31.79243258,-94.14514393
G27035,46.48245064,-94.07079052
G27013,44.0343691,-94.0669094
G05127,34.86072394,-94.06316042
G19049,41.68481624,-94.03977005
G48241,30.74418735,-94.02497846
G19121,41.33071805,-94.01555642
G27009,45.69905091,-93.99888707
G05061,34.08876501,-93.99335898
G29081,40.35467588,-93.99203612
G29177,39.35235646,-93.98987112
G29061,39.96081414,-93.98552424
G29025,39.6557859,-93.98266963
G27171,45.17386687,-93.96331783
G27043,43.67392301,-93.94806007
G19015,42.03657449,-93.93159782
G48361,30.12783826,-93.89631192
G05091,33.31191663,-93.89176573
G05047,35.51239729,-93.89071626
G22017,32.58022928,-93.88260887
G29039,37.72378246,-93.85655274
G48403,31.34322227,-93.8517581
G29057,37.43205536,-93.85021878
G29109,37.10635638,-93.83292908
G29009,36.70986066,-93.82912659
G29101,38.74407757,-93.8063573
G27019,44.82076779,-93.80257786
G29083,38.38504339,-93.79275692
G19053,40.73770688,-93.78630829
G29107,39.06544306,-93.78556758
G19039,41.02898149,-93.78515084
G27071,48.24525488,-93.78344286
G29185,38.03701287,-93.77608356
G27141,45.44391105,-93.77416095
G48351,30.78640104,-93.74452995
G22031,32.05545258,-93.73743375
G19197,42.7330652,-93.73515029
G19189,43.37757267,-93.73426701
G19081,43.08188809,-93.73422614
G27079,44.37144163,-93.72992719
G05087,36.0110482,-93.72450711
G05083,35.21543931,-93.71620847
G19079,42.38380777,-93.70667408
G05057,33.73499972,-93.6688337
G05097,34.53878551,-93.65958289
G05109,34.16341608,-93.65637611
G27061,47.5094846,-93.63201265
G27095,45.93808527,-93.6301147
G05073,33.24060817,-93.60693239
G22015,32.67872009,-93.60497136
G27161,44.02208125,-93.5872184
G19153,41.68561491,-93.57360186
G29129,40.4223677,-93.568545
G29079,40.11402281,-93.56532952
G19181,41.33448249,-93.56132984
G22085,31.56386557,-93.55479117
G29117,39.78201594,-93.54821747
G05015,36.34110451,-93.53842466
G27139,44.64839776,-93.53594689
G29033,39.42698985,-93.50500258
G27053,45.00474312,-93.47703535
G19169,42.03619651,-93.46508438
G05071,35.57021566,-93.45966639
G29209,36.746975,-93.45598042
G27001,46.60827576,-93.41543157
G05149,35.00261604,-93.41092391
G29167,37.61648244,-93.40048566
G22019,30.22931565,-93.35784826
G27047,43.67386491,-93.34881461
G22011,30.64831382,-93.34322226
G29077,37.25799329,-93.34196375
G22081,32.09322126,-93.33979499
G22119,32.71325717,-93.33492847
G19117,41.02937261,-93.32763839
G19185,40.73951767,-93.32739383
G29085,37.94076753,-93.32080953
G05099,33.66394402,-93.30704173
G27131,44.35419251,-93.29661207
G27059,45.56152263,-93.29525593
G27065,45.9451402,-93.2934666
G29015,38.29482594,-93.28800994
G29159,38.72820868,-93.2850849
G19069,42.73252488,-93.26243933
G19195,43.37739891,-93.26083776
G19033,43.08154522,-93.26078901
G27003,45.27326353,-93.24644935
G19083,42.38381379,-93.24037945
G05027,33.21428182,-93.22727487
G27147,44.02230737,-93.22604738
G05101,35.91997157,-93.21797414
G29195,39.13670366,-93.20183547
G29043,36.96952664,-93.18869003
G22115,31.10834513,-93.18397504
G05019,34.05129355,-93.17690841
G22023,29.87390211,-93.1701588
G05051,34.57668905,-93.15040654
G29211,40.21059325,-93.11156211
G29115,39.87020257,-93.10715595
G27123,45.01701649,-93.0996571
G19125,41.33447083,-93.09948555
G22069,31.72353644,-93.09636326
G05009,36.3084001,-93.09158181
G27037,44.67188142,-93.06544299
G22013,32.34719941,-93.05581704
G19099,41.68603605,-93.05376005
G29213,36.65469294,-93.04112864
G05115,35.44760318,-93.03415533
G29059,37.68042291,-93.02363775
G29171,40.47887018,-93.01646851
G19127,42.03580276,-92.99883327
G22027,32.82263107,-92.99575622
G29041,39.51506057,-92.96226103
G05059,34.31761448,-92.94603635
G05105,34.94736354,-92.93134443
G27025,45.50254348,-92.90830366
G29141,38.42358039,-92.88602193
G27163,45.03884167,-92.88401143
G05103,33.59324497,-92.88186047
G29225,37.28094027,-92.87575104
G19135,41.02977787,-92.86906769
G19007,40.74307929,-92.86860151
G27039,44.02251382,-92.86210272
G22003,30.65289599,-92.82784191
G22053,30.26753561,-92.81415612
G29053,38.84350307,-92.8101245
G19075,42.40180429,-92.79144607
G19023,42.73152928,-92.7901371
G19067,43.05990787,-92.78898696
G19131,43.35631897,-92.78896375
G29029,38.02690594,-92.7659842
G27099,43.6713823,-92.75244265
G27115,46.1207412,-92.74134897
G27049,44.40993548,-92.72242834
G05029,35.2624246,-92.70090172
G05129,35.9108383,-92.69954413
G29089,39.14250149,-92.69627013
G05089,36.26853596,-92.68453279
G27017,46.59229753,-92.6770834
G05125,34.64664882,-92.67660796
G22061,32.60161795,-92.66476111
G05039,33.9695385,-92.65477067
G19123,41.33517621,-92.64094072
G22127,31.94415679,-92.63679657
G29001,40.19062282,-92.60056873
G05139,33.17105254,-92.59736723
G29105,37.65831608,-92.59033672
G29135,38.63257143,-92.58309034
G29121,39.83073146,-92.5645664
G22043,31.59949374,-92.55927136
G22049,32.30203965,-92.55765192
G22079,31.19834251,-92.53323585
G19171,42.07978636,-92.53255926
G19157,41.68644066,-92.53149234
G29197,40.47049431,-92.52118745
G05141,35.58055724,-92.51572616
G05013,33.5581154,-92.50295218
G29067,36.93260586,-92.49875002
G29175,39.44008809,-92.49713932
G27137,47.60446079,-92.47124429
G29229,37.27014788,-92.46869009
G55109,45.03406126,-92.45284736
G29153,36.64926884,-92.44462553
G55095,45.46144622,-92.44131529
G29131,38.21452536,-92.42842498
G05053,34.28990948,-92.42365219
G55093,44.71969646,-92.42244793
G22001,30.29046668,-92.41215031
G19051,40.74778845,-92.40962388
G19179,41.0306148,-92.40950196
G22039,30.72863015,-92.40586955
G27109,44.00378187,-92.40184526
G22111,32.83186799,-92.37455576
G55013,45.86273452,-92.36757019
G05005,36.28700819,-92.33694616
G05045,35.1470666,-92.33201862
G22113,29.84551212,-92.32366194
G19017,42.77456355,-92.3179985
G19037,43.05997279,-92.31761911
G19089,43.35671607,-92.31712122
G05119,34.76984042,-92.31179218
G29019,38.99063082,-92.30976237
G19013,42.47006543,-92.30877098
G29051,38.50557185,-92.28185847
G27157,44.28430469,-92.23033434
G29169,37.82469836,-92.20760959
G05025,33.89848962,-92.18516865
G19107,41.33645115,-92.17866803
G05011,33.46611824,-92.16257122
G22059,31.67677265,-92.16013979
G05137,35.85986388,-92.15669022
G22073,32.47814301,-92.15504669
G29103,40.12816211,-92.14804805
G29199,40.45260324,-92.14698456
G22021,32.0922354,-92.11659297
G27045,43.67396375,-92.09014653
G29205,39.7977144,-92.07659722
G19011,42.08020176,-92.06571305
G19095,41.68629583,-92.06550168
G22055,30.20649511,-92.06401151
G05023,35.53794073,-92.02672424
G22097,30.59883796,-92.00576982
G22009,31.07625349,-92.00141947
G55091,44.58302313,-92.00122288
G29137,39.49539729,-92.00078381
G29215,37.31736334,-91.96506488
G19177,40.75322035,-91.9498943
G19101,41.03182064,-91.94902495
G05069,34.26869491,-91.93125434
G29027,38.83549539,-91.92607378
G29125,38.16167159,-91.92483879
G55031,46.43088028,-91.91452426
G05065,36.09486773,-91.91306556
G55033,44.94650198,-91.89644829
G05085,34.75433069,-91.88887828
G29091,36.77402378,-91.88654237
G29151,38.46028998,-91.86188221
G55005,45.42367133,-91.8483842
G22025,31.66584746,-91.84729461
G19065,42.86251945,-91.8443413
G19191,43.29064878,-91.84363569
G29007,39.21572398,-91.84168319
G19019,42.47075527,-91.83781934
G05049,36.38165313,-91.81811697
G22067,32.82020367,-91.80150064
G29161,37.87716283,-91.79230389
G55129,45.89914449,-91.79123459
G27169,43.98676109,-91.77936297
G05003,33.1912344,-91.76834872
G22083,32.41787838,-91.76343498
G55011,44.37960315,-91.75441309
G05145,35.25617178,-91.74569834
G29045,40.41027024,-91.73841052
G05079,33.95732752,-91.73336952
G22045,29.89485252,-91.73075483
G29111,40.09688808,-91.72204478
G05043,33.58943796,-91.71988298
G19183,41.33564517,-91.71783653
G22041,32.13315648,-91.67378482
G22029,31.4461456,-91.639951
G29127,39.80596837,-91.62241425
G22099,30.12924902,-91.60829402
G22077,30.70936188,-91.60074426
G19113,42.0789446,-91.59895112
G19103,41.67157082,-91.58806536
G05063,35.74146964,-91.56981878
G05117,34.82954548,-91.55299456
G19087,40.98799079,-91.54460878
G29173,39.52773881,-91.52192926
G29073,38.44076566,-91.50796567
G29065,37.60660615,-91.507834
G27055,43.67140417,-91.49289816
G05135,36.16121456,-91.47969744
G19111,40.64193953,-91.4792542
G29139,38.94150301,-91.47027665
G22123,32.7883213,-91.45664325
G22101,29.72329168,-91.45253782
G27075,47.6409148,-91.44575009
G22125,30.87982406,-91.41977785
G29149,36.68663364,-91.40335832
G29203,37.15734078,-91.40044671
G19005,43.28428691,-91.37812549
G05001,34.29094839,-91.37500943
G19055,42.47119249,-91.36733116
G55121,44.30399174,-91.35837723
G28001,31.48246353,-91.35334157
G22047,30.25841885,-91.34914317
G19043,42.84476661,-91.34161432
G22107,32.00181194,-91.34015796
G22121,30.46350336,-91.31307637
G28157,31.16092799,-91.31099426
G29055,37.9763585,-91.30393431
G05017,33.26740024,-91.29418868
G55035,44.72671523,-91.28594037
G55017,45.06935637,-91.27981987
G19115,41.21852208,-91.25979928
G05041,33.83367314,-91.25410235
G05147,35.18641481,-91.24334528
G22065,32.36442983,-91.24301376
G22035,32.7323839,-91.23500171
G05067,35.59939777,-91.2144749
G05095,34.67787285,-91.20390597
G55007,46.52310571,-91.20130894
G17001,39.98787319,-91.18850518
G19057,40.92316282,-91.18158515
G29163,39.34383337,-91.17137679
G17067,40.40383609,-91.16457221
G29219,38.76463016,-91.16072177
G55113,45.87994098,-91.14451534
G55107,45.47507999,-91.13317262
G19031,41.77228209,-91.1324008
G19105,42.12118311,-91.13141879
G55063,43.90644073,-91.11534387
G19139,41.48386172,-91.11265938
G05075,36.04132003,-91.10713275
G22033,30.53802833,-91.09611999
G29071,38.41118494,-91.07504673
G22007,29.90077838,-91.06261261
G22037,30.84513087,-91.04508961
G28063,31.7342322,-91.03724992
G05121,36.34143814,-91.02782558
G28055,32.74151739,-90.9890021
G29179,37.36229802,-90.96905598
G29035,36.94121976,-90.96235788
G29113,39.05819609,-90.96023674
G28151,33.28373459,-90.94742834
G55023,43.23937482,-90.93089608
G17071,40.81823827,-90.92505137
G28021,31.9734288,-90.91184044
G22005,30.2035453,-90.91146207
G28037,31.47711355,-90.89789722
G17149,39.62248227,-90.88614131
G19061,42.4688424,-90.88249893
G28011,33.79544755,-90.88043872
G29221,37.96160188,-90.87751921
G22109,29.4259294,-90.86593879
G29181,36.65282419,-90.86390697
G28149,32.35686445,-90.85216181
G05107,34.42838221,-90.84815585
G55123,43.59378434,-90.83438752
G28125,32.87983677,-90.81325287
G55053,44.31906679,-90.80516698
G28005,31.17434993,-90.80439731
G22093,30.02639625,-90.79619488
G05077,34.78067825,-90.78218638
G29093,37.55519454,-90.77347766
G05037,35.2956938,-90.77114441
G17009,39.96194496,-90.75017677
G05123,35.02198596,-90.74788171
G17131,41.2053416,-90.74156921
G22063,30.44010685,-90.72812161
G22091,30.8218154,-90.71028985
G55043,42.86739891,-90.70632744
G55003,46.3111608,-90.67804266
G17109,40.45620995,-90.67792529
G29183,38.78219214,-90.67492348
G17013,39.16938686,-90.6673471
G05111,35.57399211,-90.6629585
G05031,35.83077505,-90.63285783
G19163,41.63725408,-90.62317167
G55081,43.94570659,-90.61784024
G17169,40.15825057,-90.61505398
G17187,40.84883518,-90.61495521
G55019,44.73462251,-90.61199271
G28027,34.22896573,-90.60288913
G28133,33.60232672,-90.58865522
G19097,42.17174148,-90.57443822
G17161,41.46750584,-90.56679473
G05055,36.11759459,-90.55922387
G22095,30.09651013,-90.53868473
G29099,38.26088996,-90.53773378
G27031,47.90241114,-90.53733686
G19045,41.89809342,-90.53193306
G28053,33.1287531,-90.52644456
G55119,45.21150387,-90.50135028
G17171,39.64411398,-90.47457789
G29187,37.81036878,-90.47227009
G29223,37.11257955,-90.46145578
G28085,31.53225543,-90.45400195
G28029,31.86910804,-90.44882618
G22057,29.57829948,-90.44397287
G28049,32.26673466,-90.44317492
G29189,38.64073033,-90.44312147
G55103,43.37567455,-90.42939026
G05021,36.3685104,-90.41780982
G22105,30.63948973,-90.41247643
G29023,36.71639699,-90.40644223
G28113,31.17491272,-90.40422506
G28163,32.78031733,-90.39624069
G17061,39.35641591,-90.39045945
G28143,34.6517825,-90.37543947
G22089,29.88371374,-90.36233495
G55099,45.68032265,-90.36132417
G17083,39.08573164,-90.35671133
G29123,37.47809993,-90.34502212
G05035,35.20804911,-90.30877788
G28083,33.55084406,-90.30091515
G28119,34.25133238,-90.28918317
G17017,39.97354889,-90.24761223
G29510,38.63640305,-90.24510533
G55051,46.26236232,-90.24212029
G17095,40.93181217,-90.21320822
G17085,42.36572518,-90.21227074
G17057,40.47280754,-90.20744778
G17137,39.71551532,-90.20135737
G29186,37.89423189,-90.19458537
G17133,38.27869174,-90.1768507
G28135,33.95049085,-90.17326741
G55049,43.00054087,-90.13546272
G55065,42.66053759,-90.13173314
G17073,41.35317538,-90.13139908
G22051,29.75785281,-90.12068561
G55057,43.92455119,-90.11398819
G28077,31.55017733,-90.10692373
G28147,31.14834493,-90.10621225
G28051,33.12367496,-90.09215112
G29069,36.27204648,-90.09099071
G05093,35.76375898,-90.05420306
G55141,44.45521967,-90.04138415
G22117,30.85347695,-90.04110111
G28089,32.63462699,-90.03364432
G29017,37.32210339,-90.02592098
G28033,34.87541414,-89.99181007
G28107,34.36387195,-89.95058683
G55111,43.42683465,-89.94840611
G28121,32.26427746,-89.94596973
G28137,34.65036674,-89.94455431
G29207,36.85565916,-89.9441599
G22103,30.44865519,-89.94075876
G17015,42.0686008,-89.93420931
G17163,38.47056569,-89.92846201
G17117,39.26096385,-89.92448352
G28015,33.44848473,-89.92007531
G28127,31.91323237,-89.91958012
G22071,30.02740967,-89.917671
G17125,40.23957785,-89.91669534
G17195,41.75630672,-89.91402185
G17119,38.82983953,-89.90511875
G47157,35.18386695,-89.89547718
G17157,38.05222878,-89.82545602
G29157,37.70720427,-89.82463859
G28065,31.5696178,-89.82303972
G28091,31.2308593,-89.82243242
G17129,40.02727913,-89.8021916
G28043,33.76993261,-89.80204708
G17175,41.09331945,-89.79746718
G29155,36.21144673,-89.78531451
G55001,43.96950635,-89.7707065
G17143,40.78805571,-89.75993122
G55073,44.89821276,-89.75906317
G47167,35.49671357,-89.75862667
G55069,45.33736192,-89.73455316
G28161,34.02821562,-89.7075946
G26053,46.40885308,-89.6945588
G29031,37.3840443,-89.6843966
G17177,42.3517045,-89.66219511
G17167,39.75809842,-89.65862083
G29143,36.59479872,-89.65179837
G22075,29.46608435,-89.64719071
G47097,35.76113947,-89.6315867
G22087,29.87042806,-89.62128088
G28097,33.49409824,-89.61653385
G55045,42.67999326,-89.60220366
G28109,30.76891541,-89.58992974
G28007,33.08624115,-89.58165375
G29201,37.05311001,-89.56865756
G28031,31.63315616,-89.55271542
G28123,32.4063333,-89.53768386
G17011,41.40410258,-89.52862081
G28079,32.7535416,-89.52400841
G55085,45.70559681,-89.52171108
G55125,46.05293058,-89.51474713
G17179,40.50753208,-89.51345871
G28073,31.20576889,-89.50867551
G28129,32.0176733,-89.50664832
G28093,34.76230532,-89.5029934
G55097,44.47599644,-89.50132915
G47095,36.33572528,-89.4930534
G28045,30.41629174,-89.48897397
G28071,34.3567323,-89.48494157
G17135,39.23092049,-89.478938
G17005,38.88683587,-89.43554258
G17027,38.60651295,-89.42258842
G55025,43.06725056,-89.41830867
G47047,35.19705105,-89.4142386
G47045,36.05916435,-89.41352986
G17189,38.35217881,-89.41045089
G55077,43.8195021,-89.3987686
G17077,37.7852,-89.38222084
G17107,40.12457661,-89.36760206
G17145,38.08367044,-89.36700398
G17123,41.03322617,-89.3446812
G17003,37.19147398,-89.33711404
G28013,33.9363757,-89.33642008
G55021,43.46657112,-89.33370214
G17141,42.0427139,-89.32048491
G26131,46.66438018,-89.31488245
G17103,41.74624548,-89.3005024
G29133,36.82808685,-89.29130679
G17155,41.20442188,-89.28590756
G28155,33.61321981,-89.28474441
G47075,35.58323459,-89.28392274
G17021,39.54563146,-89.27739257
G28035,31.18884394,-89.25783788
G17181,37.47129217,-89.25519869
G28019,33.34765178,-89.24852374
G55137,44.11307159,-89.24290239
G17203,40.78823505,-89.2111122
G28009,34.81725885,-89.18843134
G21075,36.55396447,-89.18680809
G28067,31.6225179,-89.16882094
G17201,42.33623983,-89.16085826
G47131,36.35817614,-89.14891361
G47033,35.81348473,-89.13967789
G17153,37.22296879,-89.12622074
G28101,32.40026264,-89.11886056
G28061,32.01915586,-89.11883502
G28047,30.51412742,-89.11802221
G28131,30.78995153,-89.11771795
G28099,32.75353092,-89.1175088
G55067,45.26231148,-89.07182351
G55105,42.67111024,-89.07155673
G55047,43.80041711,-89.0448916
G28115,34.22542024,-89.03739752
G28159,33.0885169,-89.03438322
G17051,39.00019004,-89.02421969
G28145,34.49047132,-89.00384057
G21007,37.05814433,-88.99928931
G47069,35.20687344,-88.993096
G28111,31.17206606,-88.99234336
G21105,36.67823125,-88.97625215
G21039,36.85288275,-88.97092705
G55135,44.47035518,-88.96476199
G17115,39.85993197,-88.9616452
G28017,33.92078,-88.94786349
G47053,35.99641452,-88.93261797
G17199,37.73024264,-88.92985366
G17055,37.99231153,-88.92412374
G17081,38.30049768,-88.92382514
G17121,38.64958751,-88.91900612
G28139,34.76844073,-88.90891619
G17039,40.17463334,-88.90416209
G17099,41.3439759,-88.88597873
G17087,37.45961515,-88.88106007
G28105,33.42501786,-88.87925058
G17113,40.49081388,-88.84730425
G47113,35.60809221,-88.83845241
G17007,42.32306062,-88.82336636
G17173,39.39107726,-88.80561347
G28025,33.65608344,-88.78207572
G55055,43.02087158,-88.77587471
G55041,45.66693976,-88.7703466
G17037,41.89349543,-88.77033647
G55115,44.78911376,-88.76545938
G47183,36.29816907,-88.7179432
G21145,37.05394488,-88.71264497
G55078,45.00433682,-88.70995249
G17127,37.21908239,-88.7078768
G55027,43.41628364,-88.70752665
G28153,31.6406899,-88.69576088
G28023,32.04139409,-88.68937357
G26061,46.89786482,-88.68741587
G28081,34.28986462,-88.68035934
G28075,32.40424696,-88.66256514
G21083,36.72316318,-88.65108874
G55139,44.06884831,-88.64464655
G28039,30.86258761,-88.6442022
G28069,32.75450945,-88.64111661
G28041,31.2140768,-88.63913233
G28059,30.54487896,-88.63702249
G17139,39.64136794,-88.61929657
G47023,35.42164095,-88.61418552
G17147,40.01025884,-88.59117725
G17049,39.05973967,-88.58990367
G28003,34.88071764,-88.58018521
G28103,33.11010232,-88.56981947
G47109,35.17562265,-88.56338999
G17151,37.41304397,-88.56171145
G17105,40.8914973,-88.5577885
G55127,42.66849226,-88.54196338
G17165,37.7531863,-88.54085968
G17065,38.08150437,-88.53905041
G26071,46.2086624,-88.53079623
G28117,34.61822351,-88.52008151
G17025,38.75431837,-88.49035298
G55039,43.75358761,-88.48828299
G28095,33.8922455,-88.48049795
G55087,44.4159604,-88.46485561
G17111,42.32438185,-88.45239868
G47017,35.97311039,-88.4500216
G28087,33.47297734,-88.44337166
G17093,41.59053046,-88.42886851
G17089,41.9390069,-88.42866535
G26083,47.60668753,-88.42577725
G17191,38.42955619,-88.42555895
G17063,41.28502063,-88.41849403
G55037,45.84846869,-88.398048
G47077,35.65446199,-88.38798351
G26013,46.66243854,-88.3653678
G28057,34.27991419,-88.36128558
G21139,37.20966603,-88.35378087
G21157,36.88337259,-88.32940256
G55133,43.01816736,-88.30448067
G47079,36.33176823,-88.30133521
G21035,36.62098974,-88.27211774
G55083,45.0259547,-88.26900837
G17069,37.5181303,-88.26710588
G01023,32.01940833,-88.26331638
G17035,39.27333454,-88.24013491
G28141,34.74032455,-88.23924783
G55131,43.36848196,-88.23080784
G17059,37.76273468,-88.23050827
G17053,40.59718732,-88.22326263
G17029,39.52035377,-88.22165191
G55015,44.08153292,-88.21799013
G17041,39.76945909,-88.21749545
G01129,31.40758164,-88.20797675
G01097,30.79098446,-88.20688485
G17019,40.14006995,-88.1992119
G01119,32.59107969,-88.19898205
G47071,35.19892114,-88.18441166
G17193,38.08761029,-88.17944263
G17079,39.01009366,-88.15387134
G47039,35.60312029,-88.10882621
G21055,37.35274144,-88.09723261
G01075,33.77929906,-88.09689079
G01107,33.28067215,-88.08877648
G17043,41.85190159,-88.08558762
G17159,38.71230673,-88.08540979
G21143,37.0190914,-88.08336802
G47005,36.0700338,-88.06820482
G55101,42.7474503,-88.06087408
G17047,38.41644174,-88.05386866
G55059,42.57685421,-88.0428536
G55075,45.38304073,-88.03350808
G55009,44.45237519,-88.00365503
G17097,42.32332219,-88.00363994
G17197,41.44498357,-87.97869368
G55079,43.00712703,-87.96665427
G01063,32.85303636,-87.95174783
G55089,43.38401859,-87.95071435
G55117,43.72120039,-87.94543007
G21225,37.65853922,-87.94535665
G01093,34.13660201,-87.88717362
G21221,36.8062803,-87.87349373
G26043,46.00944096,-87.87023677
G18129,38.02178934,-87.86827481
G21033,37.14533743,-87.86808125
G17091,41.13764329,-87.86174649
G47135,35.64275745,-87.8588166
G17185,38.44597841,-87.84490668
G01059,34.44165271,-87.84383899
G47161,36.50115603,-87.83834275
G01025,31.67616197,-87.83065199
G17075,40.74728318,-87.8243106
G17031,41.84009822,-87.81672086
G55071,44.11993306,-87.80962804
G01033,34.70043946,-87.80526173
G01091,32.24758286,-87.78960185
G47181,35.24015269,-87.78816718
G17023,39.33356062,-87.78757766
G47085,36.0407838,-87.7757975
G17033,39.00259495,-87.759632
G17045,39.67853624,-87.74559515
G01057,33.72116205,-87.73890345
G17183,40.18346765,-87.73284219
G17101,38.72003091,-87.72684651
G01003,30.73435425,-87.72277501
G47083,36.28601076,-87.71756568
G21233,37.51854054,-87.68312281
G01077,34.90137191,-87.65394842
G26103,46.43134885,-87.64155956
G01065,32.7624826,-87.62905275
G55061,44.5160147,-87.61524468
G18163,38.02520216,-87.58578747
G18051,38.31187866,-87.5845721
G21101,37.79578778,-87.57315681
G26109,45.58008886,-87.55659569
G21107,37.30868998,-87.54100132
G01125,33.2895921,-87.52505224
G47101,35.5272348,-87.49286302
G21047,36.89432569,-87.49015466
G47081,35.80345415,-87.47342588
G18165,39.85401165,-87.46399171
G18083,38.68904965,-87.41789046
G18153,39.08883868,-87.41478705
G18111,40.95590739,-87.39748313
G47099,35.21731268,-87.39607769
G18167,39.43083758,-87.38968241
G47125,36.49695376,-87.38293661
G18089,41.4169536,-87.38222244
G12033,30.70211466,-87.37720096
G01133,34.14921913,-87.37379759
G01099,31.57089951,-87.36523492
G47043,36.14909741,-87.35650842
G18171,40.34698272,-87.35326417
G55029,44.94152838,-87.31874233
G01079,34.52166409,-87.31124435
G18007,40.60622473,-87.31096057
G01131,31.98896016,-87.30814346
G01127,33.80325108,-87.29748224
G01105,32.63848495,-87.29450207
G18173,38.0920726,-87.27224602
G21149,37.52922695,-87.26363813
G18045,40.12084826,-87.24202445
G18125,38.39832945,-87.23200261
G18121,39.77372724,-87.20649674
G21219,36.83560604,-87.1790476
G01053,31.1261443,-87.16180528
G21177,37.21589385,-87.14186286
G01007,32.99851609,-87.12655593
G18073,41.02293788,-87.11611906
G18021,39.39277724,-87.11583034
G01047,32.3259233,-87.10679469
G21059,37.73169036,-87.08737523
G47021,36.26142188,-87.08639523
G47119,35.61706027,-87.07685302
G18027,38.70235538,-87.07277551
G18127,41.46060857,-87.06723859
G47055,35.20202965,-87.03502406
G12113,30.73175496,-87.01721955
G18147,38.01430946,-87.00736414
G01035,31.4290954,-86.99367687
G01083,34.8100133,-86.98141301
G18055,39.03640064,-86.96191981
G26041,45.92028085,-86.92525576
G47187,35.89385757,-86.89809653
G01073,33.55449682,-86.89639918
G18157,40.38864398,-86.8941925
G18107,40.04040991,-86.89338968
G18037,38.3644057,-86.87981628
G21141,36.8597725,-86.87891162
G47147,36.52562827,-86.87059577
G01043,34.13191855,-86.86802423
G18181,40.74978707,-86.86552529
G01103,34.45339225,-86.85294997
G21183,37.47823424,-86.84889344
G18133,39.6661753,-86.84491468
G18119,39.31283128,-86.83778921
G18101,38.70817031,-86.80307301
G47037,36.16951495,-86.78473475
G21091,37.84160601,-86.77807813
G47117,35.46897843,-86.76518482
G18091,41.54609589,-86.74000396
G01021,32.84799175,-86.71891091
G18131,41.04183292,-86.69883216
G21031,37.20717037,-86.68192001
G01013,31.75234836,-86.6803914
G01117,33.26436557,-86.66128536
G01085,32.15489689,-86.65015077
G18149,41.28085043,-86.64790325
G01001,32.53499631,-86.64256613
G18123,38.07968613,-86.63780325
G26003,46.40868009,-86.60365523
G12091,30.70634858,-86.59610859
G47103,35.14069611,-86.58915996
G21213,36.74188968,-86.58241332
G01009,33.98092353,-86.56764915
G18015,40.58292326,-86.56368965
G01089,34.7630891,-86.55023741
G18105,39.16099021,-86.52312431
G18063,39.76956789,-86.51001199
G18117,38.54181615,-86.49506292
G18093,38.84118163,-86.48341873
G18023,40.30167332,-86.47528119
G18011,40.0507685,-86.46873699
G47165,36.46921276,-86.46026213
G47003,35.51424544,-86.45906516
G18025,38.29239424,-86.45141511
G01039,31.24832532,-86.45139608
G18109,39.48161589,-86.44603139
G21027,37.77324993,-86.4291565
G21227,36.99358211,-86.4237038
G47149,35.84283538,-86.41688893
G26021,41.95455162,-86.41236652
G47127,35.2835312,-86.35862366
G18017,40.76149757,-86.34600194
G21085,37.4612022,-86.34504787
G01115,33.71564273,-86.31488264
G01041,31.73124591,-86.31355121
G01095,34.3668403,-86.30664396
G47189,36.15436279,-86.29724281
G18141,41.61674181,-86.28989298
G26127,43.64086103,-86.26766077
G18049,41.04693226,-86.26367339
G18099,41.32490268,-86.26185865
G26105,43.99515119,-86.25001228
G01037,32.93626826,-86.24767278
G21061,37.2088707,-86.23855136
G18013,39.19603749,-86.22741482
G21163,37.96965793,-86.21708576
G01101,32.22058714,-86.20759825
G26153,46.19666951,-86.1995693
G21003,36.75163336,-86.19017043
G01121,33.37993818,-86.16602948
G12131,30.65885239,-86.16261546
G47169,36.39209876,-86.15647493
G26121,43.29116437,-86.15201218
G01051,32.59688115,-86.14915316
G18097,39.78164288,-86.13846742
G18067,40.48362024,-86.11698526
G18061,38.19504907,-86.11106248
G18175,38.59994136,-86.10525464
G18081,39.48985614,-86.10154078
G47051,35.15489252,-86.09204924
G47031,35.49062017,-86.07478453
G47015,35.80820451,-86.06189047
G26101,44.33301864,-86.05689329
G18057,40.07242976,-86.05201236
G18159,40.31135792,-86.05188014
G18103,40.76953195,-86.04499989
G18071,38.90635805,-86.03754865
G01055,34.04521797,-86.03471124
G26159,42.25125574,-86.01893824
G26019,44.63879957,-86.01556417
G47111,36.53207686,-86.00739244
G01071,34.77932838,-85.99940357
G26139,42.95982936,-85.99616962
G26027,41.91544891,-85.99354813
G01031,31.40267704,-85.98806272
G21093,37.69773039,-85.96349332
G47159,36.25044736,-85.95656334
G01109,31.80272411,-85.94099164
G21009,36.96598594,-85.93308796
G18043,38.31878546,-85.90701379
G18005,39.20590327,-85.89756517
G26005,42.59122579,-85.88846625
G21099,37.30028944,-85.88556232
G18085,41.24416057,-85.86084802
G01027,33.26900089,-85.8607615
G18039,41.59742805,-85.85870889
G01061,31.09506424,-85.83927988
G47041,35.97940964,-85.83212514
G01015,33.77131614,-85.82610421
G12059,30.86782405,-85.81406891
G26089,44.93615062,-85.812459
G01049,34.45990334,-85.80363614
G26085,43.98998195,-85.80162598
G26123,43.55415355,-85.80093472
G01123,32.86234353,-85.79750416
G18169,40.84583177,-85.79394125
G18145,39.52361637,-85.79170271
G47177,35.67920897,-85.77826516
G18059,39.82351494,-85.77329192
G18143,38.68509575,-85.74719841
G47061,35.3884354,-85.72315567
G18095,40.16149095,-85.71933662
G21171,36.71216153,-85.71671214
G01011,32.10037228,-85.71557509
G18019,38.47710499,-85.70769952
G21123,37.54571844,-85.6978746
G21029,37.96988145,-85.69612248
G01087,32.38587366,-85.6926512
G47087,36.35926111,-85.67346353
G12133,30.61055098,-85.66503754
G21111,38.18726973,-85.65900618
G18053,40.51581488,-85.65474113
G21169,36.99051724,-85.62919716
G18079,38.99697183,-85.6280328
G47115,35.12935504,-85.62214548
G12005,30.27933117,-85.6145156
G01045,31.43166097,-85.61104681
G01019,34.17537466,-85.60379401
G26165,44.33828681,-85.57853942
G26055,44.66866802,-85.5604976
G21087,37.26395408,-85.55314772
G26081,43.03210474,-85.5493075
G26095,46.47060093,-85.54433796
G47027,36.55123165,-85.54411978
G26077,42.24534424,-85.53114461
G26149,41.91431174,-85.5278251
G01029,33.67442554,-85.51888535
G18183,41.13935689,-85.50514033
G13083,34.85468799,-85.50456157
G18031,39.30701721,-85.501012
G47141,36.14094922,-85.49556721
G18069,40.82923737,-85.4881862
G21179,37.80530238,-85.46605343
G18139,39.6200087,-85.465877
G01111,33.29375045,-85.45919882
G47185,35.9269276,-85.45473994
G47175,35.69621187,-85.45257456
G21185,38.39975987,-85.44791566
G18077,38.78566755,-85.43870432
G18087,41.64252248,-85.42650726
G18113,41.3985408,-85.4175746
G47153,35.37103866,-85.41083279
G18035,40.22752506,-85.39688228
G18065,39.93105552,-85.39645339
G01005,31.8694216,-85.39336042
G01017,32.91410456,-85.39206187
G21057,36.78658364,-85.3884817
G01081,32.60103667,-85.35531329
G13055,34.47515789,-85.34539446
G21223,38.61326188,-85.33745577
G21217,37.36626364,-85.32774442
G21215,38.03253664,-85.32734644
G26133,43.98984083,-85.32527642
G18009,40.47361015,-85.32480278
G26107,43.64082638,-85.32460445
G26015,42.59499805,-85.3089225
G01069,31.15311969,-85.30230278
G13295,34.73572513,-85.30096381
G47133,36.34492626,-85.28799031
G21001,37.10406596,-85.28061733
G21155,37.55239845,-85.26971074
G18137,39.1034896,-85.26233011
G01067,31.51465381,-85.24160219
G12045,29.95841484,-85.2275197
G18179,40.72912401,-85.22132025
G12063,30.79540757,-85.21564248
G13115,34.26334879,-85.21425333
G13143,33.79417461,-85.21098266
G47007,35.59640388,-85.20539584
G12013,30.40637351,-85.19751688
G21211,38.21554121,-85.1948619
G13233,34.00180636,-85.18799961
G01113,32.28825477,-85.18521526
G18041,39.64013749,-85.17880429
G21229,37.75330009,-85.17428295
G47065,35.18078504,-85.16469074
G26117,43.31090375,-85.15250053
G26009,44.99913224,-85.1400417
G13047,34.90365231,-85.13841252
G21053,36.72740832,-85.13585355
G13149,33.29713506,-85.12845399
G26029,45.29869526,-85.12351205
G21041,38.66770353,-85.12328754
G21103,38.44840782,-85.11929768
G26097,46.08248651,-85.09785
G26113,44.33727873,-85.09459544
G26079,44.68464113,-85.09022537
G13045,33.5828404,-85.07960341
G47137,36.55829351,-85.07472906
G26067,42.94509506,-85.07461472
G18003,41.09089392,-85.06661171
G18047,39.41485874,-85.0602575
G26023,41.91605333,-85.05895922
G21207,36.99108164,-85.05843302
G18155,38.82625404,-85.03714131
G13285,33.033643,-85.02840038
G13239,31.86693885,-85.01904719
G18135,40.15755644,-85.01126155
G18177,39.86437779,-85.00989458
G18075,40.4379952,-85.00569096
G26025,42.24649482,-85.00564748
G18151,41.64383788,-85.00075426
G18033,41.39762312,-84.9990793
G47035,35.95044141,-84.99863967
G21005,38.00437693,-84.99094893
G13061,31.62627614,-84.97999413
G18029,39.14492141,-84.97333116
G13313,34.80530337,-84.96676915
G18115,38.94978872,-84.96503822
G18001,40.74568275,-84.93677593
G47049,36.3802759,-84.93248015
G21045,37.32217312,-84.92825263
G18161,39.62555499,-84.92517857
G47143,35.60893724,-84.92443764
G13145,32.73585335,-84.90904439
G13099,31.32290405,-84.9039951
G26047,45.5196899,-84.8900719
G12077,30.24142854,-84.88343378
G13215,32.50970114,-84.87737101
G21073,38.23916266,-84.87707099
G13129,34.50360919,-84.87541173
G21167,37.8119462,-84.87465427
G13253,30.93814915,-84.8690128
G13223,33.9207164,-84.86725347
G21021,37.62433033,-84.86525166
G47011,35.15388958,-84.85938311
G21077,38.75675137,-84.85924615
G26035,43.98781566,-84.84775733
G26073,43.64055043,-84.84677688
G13015,34.23794962,-84.84076616
G26045,42.59610532,-84.8383141
G13259,32.0782261,-84.83526194
G21231,36.80113037,-84.82885352
G21187,38.51937663,-84.82788345
G12037,29.87779718,-84.81843102
G47121,35.5125092,-84.81345235
G13053,32.34729342,-84.78676762
G13097,33.70191249,-84.7676054
G13077,33.3535291,-84.76343047
G13243,31.76239393,-84.75433324
G13213,34.78893245,-84.74736948
G21239,38.04286029,-84.74328281
G13201,31.1640029,-84.73076948
G21015,38.96975988,-84.7279082
G13199,33.04058199,-84.6883959
G21137,37.45473276,-84.66079401
G47129,36.13478712,-84.64908931
G39135,39.74168313,-84.64797443
G39107,40.53999695,-84.62935266
G21081,38.64916606,-84.62463171
G13037,31.52884289,-84.62363985
G39037,40.13329025,-84.61932666
G47107,35.42478083,-84.61758934
G12039,30.57949019,-84.61354024
G26143,44.33564885,-84.61172089
G26039,44.68364161,-84.61021358
G26057,43.29273071,-84.60486729
G26037,42.94365475,-84.60152093
G26137,45.02132921,-84.59882117
G26033,46.30442358,-84.59546894
G26059,41.88769822,-84.59287734
G39171,41.56018953,-84.5880866
G39161,40.85534517,-84.58614425
G21209,38.29130575,-84.58399235
G21113,37.87208199,-84.58086396
G39125,41.11654669,-84.58015344
G13087,30.87841329,-84.57901949
G21199,37.10378524,-84.57732683
G13067,33.94134233,-84.57667041
G39017,39.4386552,-84.57575857
G13307,32.04685608,-84.55081452
G39061,39.1954162,-84.5426985
G21079,37.6394548,-84.53805332
G21117,38.93372512,-84.53355563
G13263,32.69922477,-84.53304424
G13197,32.35311966,-84.52434289
G47145,35.84754346,-84.52326165
G47139,35.11994757,-84.52306802
G47151,36.42878741,-84.50389256
G26031,45.4464954,-84.49993462
G13113,33.41363816,-84.49421962
G39039,41.32392013,-84.49055146
G21147,36.73727466,-84.48406106
G13057,34.24397115,-84.47628894
G13121,33.79037071,-84.46695943
G13227,34.46442882,-84.46586291
G21067,38.04262238,-84.45904345
G13123,34.69101966,-84.45524287
G13007,31.32592133,-84.44494002
G13273,31.77679567,-84.43681156
G26075,42.248464,-84.42345892
G12129,30.17039546,-84.40266152
G13231,33.0921933,-84.38911428
G26051,43.99058346,-84.38828081
G26111,43.64680265,-84.38818515
G21037,38.94620917,-84.3797273
G26065,42.59706375,-84.3735344
G21191,38.69569319,-84.36042475
G13063,33.54196184,-84.35776347
G21097,38.44175165,-84.3313834
G13111,34.86421071,-84.31994032
G21203,37.36446101,-84.31572107
G13249,32.26212905,-84.31480821
G47105,35.73458713,-84.31169374
G13293,32.88148559,-84.2994052
G39113,39.75447599,-84.29069453
G13255,33.26080536,-84.28407764
G21151,37.72000707,-84.27843872
G12073,30.45797932,-84.27814443
G47123,35.44237056,-84.25241377
G13269,32.55595053,-84.25019877
G13131,30.87466094,-84.23441039
G39109,40.05338912,-84.22882304
G13089,33.77145425,-84.22650234
G39011,40.56091044,-84.22152403
G21017,38.20650652,-84.21724816
G13095,31.53346082,-84.21573108
G39149,40.33148625,-84.20483641
G47001,36.11858415,-84.19881433
G13261,32.04008033,-84.197137
G13205,31.22520779,-84.1943886
G13085,34.44401824,-84.17040032
G39165,39.42747006,-84.16674919
G13151,33.45324953,-84.1542127
G39025,39.04747052,-84.1518517
G47013,36.40358408,-84.14994253
G21049,37.97063602,-84.14781939
G26155,42.95373579,-84.14670582
G21235,36.75811981,-84.14494246
G13177,31.77960129,-84.14102152
G13171,33.07652346,-84.13934168
G39137,41.02202002,-84.13177602
G39051,41.60176357,-84.13014305
G26135,44.68171881,-84.12978435
G26119,45.02754654,-84.12722173
G26129,44.33481014,-84.12658442
G13117,34.22556857,-84.12515372
G21125,37.1104992,-84.11749165
G39003,40.77150687,-84.10579525
G21023,38.6885551,-84.09027011
G39069,41.33382276,-84.06823043
G26091,41.895049,-84.06638728
G37039,35.13373404,-84.06390639
G26145,43.33500203,-84.05316991
G21201,38.51857103,-84.05165198
G13193,32.35833785,-84.04262974
G13247,33.65446012,-84.02625782
G13135,33.96168932,-84.02376216
G21181,38.33548633,-84.01537021
G21109,37.41979181,-84.00583169
G13187,34.57230766,-84.0031091
G26017,43.70730618,-83.99219022
G13291,34.83383028,-83.99057578
G13079,32.71456933,-83.98627151
G21065,37.6923489,-83.96445071
G13035,33.28815467,-83.95724516
G47093,35.9932501,-83.93696238
G47009,35.68693935,-83.92566567
G13275,30.86369079,-83.91929802
G13207,33.01386767,-83.91854768
G26141,45.34024815,-83.91818031
G21173,38.03328859,-83.91287018
G26093,42.60296844,-83.9115829
G26011,44.06533704,-83.89542079
G12065,30.43791222,-83.8952086
G39057,39.69140952,-83.88980999
G39015,38.93409171,-83.86730259
G21121,36.890769,-83.85473471
G13321,31.55153717,-83.85073148
G13217,33.55518432,-83.84968531
G26161,42.25321489,-83.8388324
G47173,36.28781544,-83.83780381
G37075,35.34986216,-83.83305211
G13225,32.56859878,-83.82783675
G21161,38.59513884,-83.82413143
G21197,37.83091334,-83.8231075
G13139,34.3168135,-83.81976047
G39027,39.4149227,-83.80834226
G13093,32.15714538,-83.79888542
G39023,39.91679709,-83.78401086
G39021,40.13768888,-83.7694841
G13071,31.1884031,-83.76863692
G13081,31.92294776,-83.76803927
G39091,40.38849627,-83.76579423
G37043,35.05714503,-83.74963765
G13311,34.64591434,-83.74711334
G21011,38.14485064,-83.74272405
G13281,34.91671434,-83.73759223
G13297,33.78161755,-83.73399065
G21129,37.59456325,-83.7163823
G21051,37.15976677,-83.71457171
G13013,33.99352812,-83.71249475
G26049,43.0216434,-83.70665536
G13021,32.80614422,-83.69764398
G21069,38.37007361,-83.69646103
G13159,33.31641828,-83.68801902
G21189,37.41937404,-83.68312123
G21013,36.73114418,-83.6736374
G39063,41.00194684,-83.66650852
G13153,32.45906523,-83.6663541
G47025,36.48561968,-83.66083535
G39065,40.66150747,-83.65941695
G39095,41.61986347,-83.65890102
G26069,44.35584627,-83.63578783
G26007,45.03476211,-83.62881903
G13287,31.71643227,-83.62392024
G39173,41.36169163,-83.62303399
G12123,30.04738496,-83.60309476
G39071,39.18480119,-83.60079554
G21165,37.94155124,-83.59870163
G26001,44.68545603,-83.59345552
G13027,30.84196897,-83.58008468
G13157,34.13366432,-83.56612325
G13169,33.02512542,-83.56057056
G26115,41.92996989,-83.54045861
G13137,34.63080293,-83.53095887
G13277,31.45754305,-83.52670389
G47155,35.78473935,-83.52436868
G47057,36.27607545,-83.50970777
G13011,34.35401593,-83.49701369
G21237,37.73923,-83.49272018
G37173,35.48669864,-83.49268081
G13211,33.59078886,-83.49238941
G13235,32.23207023,-83.47596589
G39001,38.84554294,-83.47221724
G12079,30.44410308,-83.47011157
G39047,39.55980279,-83.4561024
G47089,36.05101992,-83.44603604
G13219,33.83482876,-83.43739455
G13315,31.97269663,-83.43239806
G13075,31.15395266,-83.43035495
G13289,32.66713495,-83.42699897
G37113,35.150482,-83.4223444
G21205,38.19622342,-83.42069031
G26157,43.46419406,-83.41672305
G13241,34.88142773,-83.40264851
G39097,39.89403548,-83.40029129
G26125,42.66034519,-83.38584151
G21131,37.09393999,-83.38141294
G21135,38.53165228,-83.37744842
G13237,33.32184235,-83.37244036
G39159,40.29937211,-83.37153851
G13059,33.95069713,-83.36658617
G13023,32.43423431,-83.32784954
G21025,37.52130255,-83.32403772
G39175,40.84230781,-83.30436802
G13257,34.55399356,-83.29377583
G26163,42.284361,-83.28715045
G13155,31.60221261,-83.27635177
G13185,30.83388226,-83.26744143
G47063,36.21694732,-83.26623774
G21175,37.92208037,-83.25869924
G13009,33.06916993,-83.24963929
G13019,31.27609732,-83.22952256
G13119,34.37550868,-83.22924968
G47067,36.52372741,-83.22191331
G26087,43.0901888,-83.22177259
G13017,31.75965734,-83.22059992
G21193,37.24360275,-83.22058453
G21095,36.85690859,-83.21748146
G13195,34.12780663,-83.20895018
G12067,29.98545734,-83.18069742
G13319,32.80236028,-83.17124451
G13091,32.17206648,-83.16851409
G13133,33.57934569,-83.16670317
G39101,40.58714908,-83.16083312
G12029,29.61007757,-83.15859998
G39143,41.3564845,-83.14586578
G39123,41.53725206,-83.14540336
G37099,35.28734366,-83.14093243
G51105,36.70538228,-83.12842658
G39147,41.12381975,-83.12754779
G47029,35.92518669,-83.12123467
G21063,38.11762588,-83.09749832
G13221,33.88038352,-83.08107431
G39131,39.07724214,-83.06691197
G45073,34.75308101,-83.0658008
G21153,37.70645408,-83.06460287
G13173,31.03801295,-83.06286049
G39141,39.33762169,-83.05691914
G21043,38.31810618,-83.0496811
G39129,39.64188847,-83.0243733
G26063,43.83329217,-83.01826007
G39049,39.96947359,-83.00940726
G39041,40.27840367,-83.00482096
G13141,33.27041968,-83.00082294
G39145,38.80389518,-82.99278904
G12121,30.19613382,-82.99172131
G37087,35.55635967,-82.98217316
G13147,34.35064513,-82.96434001
G21119,37.35422822,-82.95404133
G12047,30.49634609,-82.94822598
G47073,36.44120566,-82.94468692
G13271,31.92970212,-82.93898692
G26099,42.69577545,-82.932384
G13175,32.46360452,-82.9221954
G21089,38.54542303,-82.92202323
G39033,40.8506907,-82.91967999
G13101,30.71004367,-82.89401976
G13003,31.29703134,-82.87995022
G13265,33.56651067,-82.87902745
G21133,37.12136833,-82.85528944
G13069,31.54919593,-82.84929658
G47059,36.17553808,-82.84579249
G13105,34.11631164,-82.84007765
G21115,37.84672545,-82.83171072
G26151,43.42353382,-82.8201929
G12041,29.72582552,-82.80079779
G37175,35.20221447,-82.79859503
G13303,32.96937185,-82.79609192
G39117,40.52409928,-82.79402863
G21071,37.55714226,-82.7459741
G13317,33.78217239,-82.74331649
G12075,29.32181424,-82.73829287
G21127,38.06758003,-82.73455678
G45077,34.88775951,-82.72555853
G13309,32.11679731,-82.72443651
G12103,27.93620406,-82.720015
G13065,30.91501587,-82.70624847
G37115,35.85840974,-82.705629
G21019,38.35944364,-82.68782377
G26147,42.94428476,-82.68359585
G13301,33.40898936,-82.67687618
G13167,32.70156717,-82.66008353
G45007,34.51899153,-82.63789097
G13161,31.80582585,-82.63643371
G39045,39.75155498,-82.63057015
G51720,36.93297093,-82.62553228
G12023,30.22440955,-82.62153802
G51195,36.97527559,-82.62094706
G39043,41.36278381,-82.6189515
G39079,39.01963781,-82.61832473
G13125,33.2294671,-82.61112428
G51169,36.71426604,-82.60300167
G39077,41.14616044,-82.59840411
G13283,32.40388658,-82.5673074
G39087,38.59860867,-82.53666796
G39139,40.77463551,-82.53647245
G13209,32.17432167,-82.53477187
G37021,35.6114873,-82.53013591
G21159,37.80117777,-82.51328601
G47179,36.2932865,-82.49721854
G39163,39.25098224,-82.48541348
G39089,40.0915779,-82.48312958
G13189,33.48283381,-82.4816434
G37089,35.33626948,-82.4801234
G39073,39.49708881,-82.47914229
G12017,28.85108657,-82.46549647
G45001,34.22261846,-82.45868911
G13005,31.55379122,-82.45268974
G13181,33.79309354,-82.45090899
G47171,36.11111401,-82.43155357
G54099,38.14597234,-82.42696954
G13299,31.05358314,-82.42365144
G39083,40.39872666,-82.42146654
G12053,28.55240347,-82.4188064
G13163,33.05495799,-82.41822866
G21195,37.46915556,-82.39611702
G12101,28.30922071,-82.39101985
G12125,30.04377111,-82.37167844
G45045,34.89427413,-82.37067713
G12001,29.67492161,-82.35800614
G51051,37.12577923,-82.35018432
G13279,32.12174959,-82.3313688
G12115,27.17966758,-82.32020148
G39053,38.82469604,-82.31691463
G45065,33.89958742,-82.30994313
G37199,35.89863796,-82.30767091
G12057,27.93035094,-82.3071465
G47163,36.51296482,-82.30408755
G13107,32.58973648,-82.30171413
G12081,27.47099397,-82.29605921
G13001,31.7494675,-82.28884566
G12003,30.3310911,-82.2845875
G39005,40.84597006,-82.27079169
G13073,33.54384091,-82.26394761
G54011,38.42025562,-82.24166408
G39127,39.73718026,-82.23611949
G13229,31.35890592,-82.21287161
G37149,35.27938086,-82.16988365
G12007,29.94968218,-82.16849563
G37121,36.01285033,-82.1636721
G51520,36.61565717,-82.16278017
G39093,41.29549329,-82.15117774
G13049,30.78156501,-82.1374767
G54059,37.72631881,-82.13472567
G47019,36.29272746,-82.12740241
G45047,34.15391106,-82.12591201
G51167,36.93369934,-82.09541522
G12119,28.70489834,-82.08094963
G13245,33.35964369,-82.07426454
G13043,32.40346613,-82.07362707
G54043,38.17528428,-82.07062158
G13267,32.04581144,-82.05840029
G12083,29.21031049,-82.05662711
G37111,35.68115338,-82.04876403
G39009,39.33384697,-82.04515535
G51027,37.26624772,-82.0360499
G54053,38.76973701,-82.0265393
G39105,39.08237751,-82.02309578
G45059,34.48335823,-82.0058163
G13033,33.06124855,-82.00065269
G45083,34.93113378,-81.99069439
G13025,31.19690281,-81.98187317
G45037,33.77233061,-81.96647502
G13165,32.79253785,-81.96349231
G51191,36.72442014,-81.95976991
G39119,39.96540827,-81.94444437
G54045,37.83165991,-81.93515499
G39075,40.56114712,-81.92914265
G37011,36.07694748,-81.92256317
G37161,35.40220993,-81.92030302
G39031,40.30161384,-81.91998275
G13305,31.5513897,-81.91692873
G54079,38.50855264,-81.90917151
G39103,41.11748796,-81.89983103
G12015,26.90809702,-81.89598735
G39169,40.82877564,-81.88808853
G13109,32.15668131,-81.88674914
G12019,29.98289787,-81.85787857
G39115,39.62043895,-81.85264158
G47091,36.45510507,-81.85141563
G12071,26.57979101,-81.81498979
G12089,30.60970836,-81.81168512
G12049,27.49270064,-81.8098514
G12027,27.18630299,-81.8092566
G13183,31.75273984,-81.7457972
G12107,29.6085693,-81.74410853
G13031,32.3966165,-81.74324099
G45081,34.00601615,-81.72682919
G54005,38.02333575,-81.71170774
G12069,28.76150278,-81.71138054
G37023,35.7492704,-81.70490563
G12105,27.9489316,-81.69762016
G37189,36.23108179,-81.69620007
G13039,30.93417123,-81.67925018
G54035,38.83444633,-81.67479114
G12031,30.33079912,-81.67237016
G39035,41.42432302,-81.65882853
G54047,37.37870741,-81.65413028
G45003,33.54398511,-81.63507434
G45021,35.04815554,-81.62024859
G45087,34.6891095,-81.61944516
G13251,32.75062642,-81.61183691
G45071,34.2896121,-81.60024
G51185,37.12499506,-81.56052107
G37045,35.33370273,-81.55545199
G13127,31.23760961,-81.55299561
G54109,37.6098178,-81.54960955
G37027,35.95290006,-81.54648523
G51173,36.8438678,-81.53715311
G39153,41.12588107,-81.53219429
G54039,38.33677529,-81.52800911
G54107,39.21086532,-81.51535972
G13179,31.83343919,-81.50469328
G37009,36.43429132,-81.50037543
G39167,39.45528449,-81.49558578
G39059,40.05205642,-81.49426037
G39157,40.44074873,-81.4737013
G39121,39.76599704,-81.45555178
G13029,32.01750822,-81.44728436
G12109,29.90335977,-81.44335478
G45011,33.2661215,-81.43509585
G13191,31.50219427,-81.41653432
G54105,39.02257897,-81.37841057
G39151,40.81384359,-81.36563688
G45005,32.9880127,-81.35785854
G54087,38.71406335,-81.34818529
G13103,32.36692375,-81.34137408
G12055,27.34342286,-81.34098409
G12021,26.11961544,-81.33878621
G12095,28.51443199,-81.32354347
G12035,29.46074528,-81.31386356
G45063,33.90220036,-81.27222339
G54081,37.77149059,-81.24890315
G39085,41.6965947,-81.23740957
G12117,28.71707199,-81.23644463
G51077,36.65657756,-81.22493444
G37109,35.48609718,-81.2241826
G37035,35.66266301,-81.21452741
G39133,41.16766231,-81.19737242
G12127,29.06154361,-81.19562381
G12043,26.95640513,-81.18900319
G45091,34.97468669,-81.18450893
G37071,35.29414616,-81.18039414
G39055,41.49949647,-81.17870605
G37003,35.92103613,-81.17710423
G12051,26.55350805,-81.16584759
G37193,36.20654952,-81.16303086
G54073,39.37060341,-81.16159877
G45023,34.69201816,-81.15925282
G12097,28.06266807,-81.1494424
G45049,32.77641271,-81.14060869
G13051,32.00914022,-81.13789645
G51021,37.13393958,-81.13021834
G37005,36.49161597,-81.12742275
G45039,34.39527926,-81.12145004
G54013,38.84457436,-81.11746128
G54055,37.40550369,-81.11152876
G39067,40.29383419,-81.09115988
G39019,40.57970885,-81.08967208
G39111,39.72729424,-81.08297042
G54019,38.02855027,-81.08148451
G51197,36.91704891,-81.07853134
G54015,38.46268798,-81.0748564
G54085,39.17853461,-81.06302546
G45009,33.21451367,-81.05447463
G12087,25.45640299,-81.03681396
G45053,32.43883954,-81.03362101
G39013,40.01573816,-80.98845701
G51640,36.66798108,-80.91654494
G45079,34.02188718,-80.90318072
G12093,27.38617755,-80.88850572
G54095,39.46551964,-80.8845592
G37097,35.80705304,-80.87345799
G54089,37.65581856,-80.85862028
G54021,38.92425226,-80.85720425
G37119,35.24678564,-80.83282507
G45075,33.43910598,-80.80023095
G54067,38.29148576,-80.79952805
G45017,33.67503155,-80.78020935
G39029,40.7684048,-80.77712324
G39099,41.01460525,-80.77636738
G39155,41.31717754,-80.76117134
G39081,40.38504763,-80.76092165
G39007,41.7075483,-80.74840429
G12009,28.2631249,-80.74456528
G45013,32.38738706,-80.73987181
G51035,36.73155209,-80.73365245
G54007,38.70020332,-80.71892275
G51155,37.06338282,-80.71480642
G54017,39.26877346,-80.70702484
G45057,34.68713986,-80.70543291
G51071,37.31394158,-80.70373003
G37171,36.41455242,-80.68745763
G45029,32.86556838,-80.66812264
G37197,36.16030932,-80.66520337
G54051,39.86056209,-80.66326343
G54103,39.60538433,-80.63901
G54069,40.09672914,-80.61889864
G12061,27.69221827,-80.61724568
G45055,34.33880364,-80.59022311
G54009,40.27368692,-80.57657303
G54029,40.52183117,-80.57388538
G12086,25.61419717,-80.57073504
G51750,37.12291563,-80.55844522
G37025,35.3868784,-80.55209132
G54063,37.56055187,-80.55039002
G37059,35.92921925,-80.54446889
G37179,34.98836875,-80.53056909
G37159,35.63975372,-80.52477037
G54041,38.99585211,-80.50202001
G12011,26.15229795,-80.4869914
G12111,27.37615938,-80.4836787
G12099,26.64713317,-80.46797184
G54025,37.9470593,-80.45326776
G12085,27.0736542,-80.43790293
G54101,38.49460583,-80.42196992
G45035,33.0793894,-80.40506801
G51121,37.17345713,-80.38758715
G45085,33.91636877,-80.3817491
G54033,39.28367883,-80.37971987
G51063,36.93109787,-80.36259294
G42007,40.68221834,-80.34925907
G42073,40.99120885,-80.33420295
G51141,36.67845148,-80.28446697
G42085,41.30206126,-80.25766263
G37067,36.13055168,-80.25627071
G45061,34.16317079,-80.25462541
G37167,35.3117243,-80.25077497
G42125,40.18943349,-80.24825039
G54049,39.50993429,-80.24341129
G37169,36.40187925,-80.23956444
G54097,38.89780372,-80.23343889
G42059,39.85386778,-80.22304122
G45027,33.6656682,-80.2163198
G37057,35.7932875,-80.21250229
G51045,37.48137697,-80.21233027
G45025,34.63986281,-80.15846874
G42039,41.68462248,-80.10638671
G37007,34.9735725,-80.10254089
G51161,37.26926461,-80.06835172
G51775,37.28593558,-80.05475593
G54061,39.63024557,-80.04650164
G54091,39.33604028,-80.04616784
G42049,41.99135392,-80.03240198
G54075,38.33179293,-80.00779479
G51005,37.7877149,-80.00689457
G54001,39.13287949,-80.00319148
G51580,37.7756861,-79.98663009
G42003,40.46881362,-79.98126164
G45019,32.83990964,-79.95866696
G51770,37.27814987,-79.9582474
G45031,34.33220135,-79.9581021
G45015,33.20100506,-79.95105624
G42019,40.91168995,-79.91299677
G37123,35.33251332,-79.90570982
G51067,36.99204313,-79.88102706
G54083,38.77480816,-79.87591383
G51089,36.68273069,-79.87402179
G51690,36.683269,-79.86440698
G51023,37.55696854,-79.81214298
G37151,35.71031739,-79.80612105
G37081,36.07944045,-79.78897207
G37157,36.39609875,-79.77524941
G42121,41.40095273,-79.75798212
G37153,35.00614299,-79.74773172
G51017,38.05870818,-79.74107796
G45089,33.62022104,-79.72764838
G45041,34.02437343,-79.70252981
G45069,34.60177888,-79.67848779
G54077,39.46932599,-79.66810685
G42051,39.91987777,-79.64763272
G51091,38.36276001,-79.56881896
G54093,39.11357461,-79.565202
G51019,37.31496222,-79.52403088
G37125,35.31074843,-79.48139199
G37165,34.84102203,-79.48067746
G42129,40.31033936,-79.467284
G42005,40.81210048,-79.46439427
G51163,37.81462332,-79.4479173
G51678,37.7823989,-79.44446099
G42031,41.19257498,-79.42115123
G51590,36.58307616,-79.40873161
G37001,36.04392445,-79.39946471
G51143,36.82124421,-79.39721581
G45033,34.39158446,-79.37886958
G36013,42.22809146,-79.36632637
G45067,34.0797634,-79.36246587
G51530,37.73185503,-79.35605443
G54071,38.68075169,-79.35090291
G45043,33.44089755,-79.33658849
G37033,36.39332653,-79.33371262
G42123,41.81452169,-79.27417728
G24023,39.5286356,-79.27365418
G37037,35.70240775,-79.25538279
G37093,35.01715396,-79.23714891
G42053,41.51312482,-79.23603623
G54023,39.10519267,-79.19553574
G51680,37.39989625,-79.19091236
G37105,35.47493854,-79.17133163
G51009,37.60491203,-79.14504298
G51015,38.16446258,-79.13368119
G37135,36.06146104,-79.12047967
G37155,34.64007137,-79.10360216
G51031,37.20543086,-79.09660979
G42063,40.65173967,-79.08783731
G51790,38.15944293,-79.06008712
G42111,39.9722999,-79.02843125
G42065,41.12834541,-78.9994862
G45051,33.92141365,-78.99732789
G37145,36.39011214,-78.97172085
G54057,39.41421315,-78.94386802
G51083,36.76704702,-78.93665208
G51820,38.06661338,-78.90081075
G51125,37.78738935,-78.88685885
G37063,36.0359819,-78.87633752
G51165,38.51205277,-78.87575653
G51660,38.43582944,-78.87394098
G37085,35.36857353,-78.86961446
G54031,39.0076008,-78.8575411
G37051,35.04865235,-78.82730818
G51011,37.37222012,-78.81222857
G36063,43.2014481,-78.74075247
G36029,42.76207274,-78.73074503
G42021,40.49519776,-78.71378853
G24001,39.62131126,-78.69835129
G36009,42.24872064,-78.67884944
G51037,37.01157065,-78.66155612
G37047,34.26530053,-78.65520525
G37077,36.30387469,-78.65308007
G37183,35.790091,-78.65018626
G42047,41.42527655,-78.64886021
G54027,39.31726155,-78.61398048
G51171,38.85839069,-78.57041029
G42083,41.80769644,-78.5689437
G37017,34.61424234,-78.56345588
G51003,38.02289597,-78.55658503
G51029,37.57226784,-78.52865146
G42009,40.00663111,-78.49031245
G51540,38.03817856,-78.48651455
G51139,38.61995116,-78.48402042
G42033,40.99999855,-78.47402026
G51079,38.29762043,-78.46655076
G51147,37.22447289,-78.44162027
G37181,36.36492738,-78.40841458
G37163,34.99168822,-78.37151589
G37101,35.51749475,-78.36557138
G51117,36.68025837,-78.36279858
G42013,40.48100216,-78.34866622
G37069,36.08267855,-78.28576776
G51113,38.41366462,-78.27925615
G51065,37.84189831,-78.27740911
G51069,39.2045436,-78.26282176
G54065,39.56035868,-78.25701036
G37019,34.07531266,-78.24574959
G51049,37.51182177,-78.24496135
G51111,36.94615571,-78.24048753
G36073,43.25209308,-78.23130098
G36121,42.70246009,-78.22435002
G51187,38.90858687,-78.20758744
G42023,41.43666249,-78.20373432
G36037,43.00099128,-78.1937752
G51840,39.17362017,-78.17410348
G51157,38.68492915,-78.15943266
G42057,39.92516419,-78.11296529
G37185,36.39644913,-78.10660936
G51135,37.14302522,-78.05165357
G54003,39.46342886,-78.02783699
G36003,42.25740073,-78.02758937
G51137,38.24647383,-78.01315634
G37191,35.3638998,-78.00401711
G51043,39.1123482,-77.99700099
G37127,35.96711454,-77.98636305
G42061,40.41664377,-77.98135036
G51007,37.33587773,-77.97633839
G51109,37.97825348,-77.9628199
G51047,38.48656174,-77.9565587
G37061,34.93622956,-77.93302813
G37195,35.70504385,-77.91855829
G51075,37.72185875,-77.9160705
G51145,37.55018233,-77.91511338
G37141,34.52599797,-77.90892941
G42105,41.74491725,-77.89579367
G37129,34.24593971,-77.88504839
G54037,39.30743794,-77.86247754
G51025,36.76489423,-77.858934
G42027,40.91962487,-77.81967608
G24043,39.60343791,-77.81336512
G51061,38.73863998,-77.80931514
G36051,42.72811271,-77.77548429
G42055,39.92748571,-77.72118905
G36055,43.14649739,-77.696228
G37079,35.4851929,-77.67586659
G51177,38.18502662,-77.65636013
G37083,36.25737014,-77.65180928
G37107,35.23899521,-77.64121971
G42035,41.23416286,-77.63776491
G51107,39.09059262,-77.63583322
G51053,37.0763958,-77.6322808
G42087,40.61048006,-77.6170803
G37065,35.91300511,-77.59702498
G51041,37.37842535,-77.58631548
G51081,36.67624187,-77.56002866
G51595,36.69583282,-77.53543531
G51085,37.76023338,-77.49102428
G51630,38.29793337,-77.4869203
G51683,38.74966444,-77.48301604
G51153,38.7034175,-77.48157219
G51760,37.52862918,-77.47525825
G51179,38.42057372,-77.45992738
G51685,38.77104489,-77.4456246
G37133,34.73771115,-77.43455693
G51087,37.53794769,-77.40576037
G42067,40.53091186,-77.40261689
G51570,37.26409272,-77.39861842
G24021,39.47219583,-77.39795084
G37131,36.41779689,-77.3969183
G51730,37.20411153,-77.39154367
G36101,42.26781696,-77.38374309
G37147,35.59355095,-77.37467306
G37103,35.02175446,-77.35546331
G51033,38.02671162,-77.34685907
G51600,38.8526907,-77.30011529
G36069,42.85284222,-77.29985929
G51670,37.29147694,-77.29753542
G51059,38.83781129,-77.27859322
G42041,40.16385318,-77.26399643
G42099,40.39845869,-77.26237623
G51183,36.92162399,-77.26195622
G42117,41.77210342,-77.25424872
G51149,37.18602308,-77.22605493
G42001,39.87145093,-77.2180766
G24031,39.13631501,-77.2042887
G51610,38.88444817,-77.17516925
G51099,38.27323838,-77.15715403
G37117,35.84144612,-77.10726022
G51175,36.72032253,-77.10622492
G36123,42.63339584,-77.10525874
G51013,38.87878804,-77.10154396
G37049,35.12526082,-77.09574608
G51101,37.70787379,-77.09035006
G51510,38.81879625,-77.08630345
G42109,40.76986178,-77.0700056
G42081,41.34333731,-77.06443314
G51036,37.35790709,-77.06411071
G42119,40.96313811,-77.06234787
G36117,43.15570347,-77.03012131
G24013,39.56308614,-77.0223924
G11001,38.91024577,-77.01466354
G51127,37.5051921,-77.00150397
G24017,38.50681081,-76.99034233
G37091,36.35907392,-76.98206202
G37015,36.06599945,-76.97911316
G51057,37.94306437,-76.95153681
G51620,36.68363037,-76.9378827
G24027,39.25078034,-76.93108152
G51181,37.10920473,-76.90031199
G51097,37.72302341,-76.89779121
G36097,42.39372664,-76.87518421
G37013,35.49378107,-76.86075309
G24033,38.83207605,-76.84471907
G36099,42.78087491,-76.82370855
G51193,38.11076697,-76.80392565
G51095,37.32489454,-76.78049558
G42043,40.41564409,-76.77945739
G36015,42.14120574,-76.75988598
G37137,35.14150286,-76.74491773
G51093,36.89130614,-76.72643863
G42133,39.91962119,-76.7263635
G51159,37.94283788,-76.72547306
G42097,40.85169677,-76.70914557
G51830,37.26835593,-76.7070139
G37073,36.44501966,-76.70025921
G37031,34.83187634,-76.67890377
G42093,41.02767248,-76.65873267
G24005,39.46569697,-76.64300239
G51800,36.69315665,-76.64159584
G24510,39.30855064,-76.61630949
G24003,39.00575371,-76.61039818
G37041,36.15046952,-76.6079518
G24037,38.30318347,-76.60757397
G37187,35.82204165,-76.57699672
G51119,37.63336701,-76.5751847
G24009,38.55126604,-76.5671601
G51199,37.23648164,-76.56314252
G36011,42.91680468,-76.55433436
G51073,37.42303716,-76.54226718
G51700,37.10552015,-76.51859158
G42015,41.7886761,-76.51548497
G42113,41.44616454,-76.51211567
G36109,42.45190597,-76.47363759
G51103,37.73566809,-76.46433969
G42075,40.3671967,-76.45761539
G37143,36.20679763,-76.44213516
G51133,37.88834632,-76.42211196
G42037,41.04885358,-76.4050995
G51650,37.05362918,-76.36785127
G51735,37.13164537,-76.35864069
G51740,36.84510575,-76.35534235
G51115,37.43522555,-76.3433866
G24025,39.56150771,-76.31742568
G36107,42.170542,-76.30598967
G51550,36.67764689,-76.30236923
G37139,36.29653902,-76.28548152
G51710,36.89353066,-76.25552365
G37095,35.53279202,-76.25123759
G42071,40.0423062,-76.24768918
G42107,40.70575942,-76.21594237
G37177,35.81643763,-76.21206985
G37029,36.38961039,-76.20995165
G36067,43.00571087,-76.19498828
G36075,43.42605222,-76.14124071
G24041,38.7748407,-76.09200921
G36023,42.59502823,-76.07028034
G51810,36.75168376,-76.06006428
G24029,39.25725179,-76.0379614
G42131,41.51825016,-76.01680291
G37053,36.40058032,-76.01556629
G24035,39.07219938,-76.01297238
G24019,38.48348669,-76.00861569
G42079,41.17696731,-75.98889123
G24015,39.57531555,-75.94155943
G42011,40.41631166,-75.92600613
G36045,44.04035577,-75.91165545
G51131,37.35855048,-75.90690103
G24011,38.87254842,-75.83116012
G36007,42.15999707,-75.81924299
G37055,35.77079291,-75.8023244
G42115,41.82129348,-75.80073281
G42029,39.9731798,-75.74838001
G24039,38.12318002,-75.73410281
G42025,40.91835463,-75.70875304
G36053,42.91285387,-75.67006378
G10003,39.57647118,-75.65301129
G51001,37.76736867,-75.64903735
G24045,38.37338951,-75.61933827
G36017,42.49368951,-75.61142572
G42069,41.43702828,-75.60919953
G42077,40.61257416,-75.59253026
G10001,39.08579223,-75.5686064
G36049,43.78461242,-75.44887482
G36065,43.24174823,-75.43609044
G42045,39.91879428,-75.40157419
G10005,38.6618828,-75.39807566
G42091,40.21063228,-75.36723561
G24047,38.22141665,-75.36010178
G34033,39.58752858,-75.34854689
G42089,41.05801254,-75.3393525
G42095,40.75404488,-75.30781371
G42127,41.64837367,-75.30340269
G34015,39.71376895,-75.13700841
G42101,40.00918464,-75.13314239
G34011,39.37306533,-75.11074942
G42017,40.33691268,-75.10714465
G36089,44.49046093,-75.06264872
G42103,41.33214327,-75.03362281
G36077,42.63355873,-75.03247463
G34041,40.85723335,-74.99693247
G36025,42.19789959,-74.96643786
G36043,43.41952232,-74.96264428
G34007,39.8034845,-74.95970564
G34019,40.56733959,-74.91214636
G34009,39.15221621,-74.81016379
G36105,41.71653491,-74.76819884
G34021,40.28343404,-74.70192046
G34037,41.13960192,-74.6901816
G34001,39.48388699,-74.68305067
G34005,39.87816283,-74.66835622
G34035,40.56330838,-74.61633777
G34027,40.86221992,-74.54422088
G36041,43.66114856,-74.49726457
G36095,42.58818986,-74.44209687
G36057,42.90230963,-74.43956181
G36035,43.11390077,-74.42238614
G34023,40.438557,-74.41263004
G34039,40.66001591,-74.31080435
G36071,41.40204384,-74.30578614
G36033,44.59254236,-74.30336525
G34031,41.03422925,-74.30061873
G34029,39.91134217,-74.29891782
G36111,41.88799413,-74.25858237
G34013,40.78787379,-74.24804957
G34025,40.25858244,-74.22551369
G36085,40.58080903,-74.15248599
G36039,42.27650114,-74.12275642
G34003,40.96183922,-74.07846113
G34017,40.74045861,-74.0774471
G36093,42.81822915,-74.05869936
G36087,41.15343575,-74.03561958
G36001,42.60021327,-73.97337014
G36061,40.77938682,-73.96652012
G36047,40.64479291,-73.94864624
G36005,40.85435385,-73.86828373
G36091,43.10735792,-73.86386889
G36113,43.56093051,-73.84605673
G36081,40.70936479,-73.81883534
G36031,44.11719102,-73.77270492
G36079,41.42657084,-73.74940959
G36119,41.16483246,-73.74784989
G36027,41.76504997,-73.7430805
G36019,44.74630059,-73.6781928
G36021,42.25008131,-73.63188565
G36059,40.74711846,-73.59006538
G36083,42.71115331,-73.50954492
G36115,43.31383743,-73.4306934
G09001,41.27360855,-73.38891211
G50013,44.79649105,-73.29495632
G09005,41.79241575,-73.24540685
G25003,42.37052219,-73.2063663
G50001,44.03092042,-73.14093904
G50003,43.03546813,-73.09285774
G50007,44.46107979,-73.08105737
G50021,43.58007885,-73.03652827
G09009,41.41113271,-72.93251915
G50011,44.8574907,-72.91177615
G36103,40.87796281,-72.86082928
G09003,41.80635482,-72.73290507
G50025,42.99056379,-72.7137063
G25015,42.34025289,-72.6640031
G50015,44.60579706,-72.6413452
G25013,42.13515479,-72.63144062
G50023,44.2735035,-72.61490671
G25011,42.58320073,-72.59189844
G50027,43.57992326,-72.58609559
G09007,41.46485801,-72.53612377
G50017,44.00569993,-72.37663638
G09013,41.85494837,-72.33640252
G33005,42.9193112,-72.25109767
G50019,44.82881403,-72.243668
G33019,43.36103427,-72.22251092
G50005,44.46464508,-72.10225271
G09011,41.48878215,-72.10180025
G09015,41.83010012,-71.98743027
G25027,42.35130966,-71.90781994
G33009,43.94060566,-71.8206743
G50009,44.72735169,-71.73611147
G33011,42.91522361,-71.71593824
G33013,43.2976323,-71.68021826
G44009,41.47024198,-71.6221655
G44003,41.67187071,-71.59428518
G44007,41.87223857,-71.58053668
G33001,43.51859931,-71.42331358
G25017,42.48565336,-71.39192121
G33007,44.68962108,-71.30532017
G44001,41.71730933,-71.28434452
G44005,41.55652629,-71.2334332
G25021,42.15991197,-71.2125808
G33003,43.87394893,-71.20288087
G33015,42.98639058,-71.12970008
G25005,41.80179196,-71.1153186
G25025,42.33237696,-71.0771964
G33017,43.29899767,-71.03089248
G25009,42.67364674,-70.95726986
G25023,41.95051284,-70.81248555
G23017,44.49975068,-70.75658597
G23031,43.48048403,-70.71526007
G25007,41.39492294,-70.6548151
G23007,44.97383961,-70.44387341
G23005,43.85028435,-70.41485394
G25001,41.7256965,-70.30017553
G23001,44.16573047,-70.20653547
G25019,41.27649969,-70.06945825
G23025,45.51407782,-69.9588714
G23023,43.9709828,-69.86047495
G23011,44.40913163,-69.76735376
G23015,44.07674352,-69.54170103
G23021,45.83721323,-69.28445032
G23013,44.15821719,-69.18344972
G23027,44.5039748,-69.14907164
G23019,45.40065921,-68.64939707
G23003,46.65884526,-68.59895046
G23009,44.67825801,-68.35267457
G23029,45.0396934,-67.63762957
